num_contours,total_area,avg_circularity,max_contour_area,contour_density,avg_intensity,intensity_std,texture_uniformity,edge_density,shape_complexity,label
14,102194.5,0.579585717151691,99495.5,0.38984107971191406,68.41821670532227,112.98492325403744,70335.0,0.014314336820461904,3.63776965705804,1
18,101000.5,0.6125669304639358,74126.0,0.3852863311767578,98.66191864013672,124.19587377800401,101426.0,0.012675419031893398,2.140537838405176,1
19,104899.0,0.6128378962158416,77278.0,0.4001579284667969,98.78934860229492,124.22539392700449,101557.0,0.011728037864486396,1.8724919799084976,1
15,83410.0,0.6097115790144788,80016.0,0.31818389892578125,70.17791748046875,113.88779063457176,72144.0,0.011062692470659385,3.30043995260643,1
18,105383.5,0.6262818725671964,77753.5,0.4020061492919922,99.34186935424805,124.35179805108068,102125.0,0.011612446752678807,1.7934575632254348,1
17,83948.5,0.6074841123325146,81006.5,0.3202381134033203,71.35202407836914,114.47119637666042,73351.0,0.0112895643005686,3.0335451671428935,1
16,106097.0,0.5731131831447175,78101.0,0.4047279357910156,100.15314102172852,124.53272382800643,102959.0,0.011665244533560326,1.995614310466706,1
15,83680.0,0.5917642533143218,81072.5,0.3192138671875,70.91915130615234,114.25785557712834,72906.0,0.010680362927359965,3.195052749653111,1
16,106253.5,0.5657602424726028,77805.5,0.40532493591308594,100.45080184936523,124.59771618857098,103265.0,0.011938210338939825,2.0382632519605073,1
17,84244.0,0.6540576162158521,81750.5,0.3213653564453125,72.67398834228516,115.11020131034485,74710.0,0.011065535055422515,2.8176050568191613,1
17,106055.0,0.5981246385857513,77596.5,0.4045677185058594,100.43718338012695,124.59475894514628,103251.0,0.011812278816705657,1.927937544523516,1
14,83652.5,0.5689384242936804,81263.0,0.3191089630126953,72.33255386352539,114.94695684001019,74359.0,0.011417188213272311,3.4110369594805166,1
27,103265.0,0.6295418268709234,100204.0,0.3939247131347656,71.60882949829102,114.59680213666037,73615.0,0.017177555813759682,2.6792112094644094,1
13,105235.5,0.6118505117862234,77988.5,0.4014415740966797,99.4790267944336,124.3827763824756,102266.0,0.011294854774405394,1.8961363554455726,1
16,83699.5,0.6134627551518839,81336.0,0.3192882537841797,71.51252746582031,114.54978358440698,73516.0,0.010584948986888776,2.9980861328957245,1
16,104868.5,0.7067660151527071,77983.5,0.4000415802001953,99.00627136230469,124.27532912175845,101780.0,0.010756010335626343,1.5914804774182034,1
15,84352.0,0.5793566454904957,81944.0,0.32177734375,71.55824661254883,114.57211802152209,73563.0,0.010916331955286296,3.451387148335889,1
14,104806.5,0.6708532849962531,77753.0,0.39980506896972656,99.15996551513672,124.31046796387164,101938.0,0.011296930561002227,1.6988242172244363,1
10,84859.0,0.45687408897797843,82724.5,0.3237113952636719,71.2771224975586,114.43442683626928,73274.0,0.010140976300135662,4.288130590823652,1
15,105096.5,0.6051877387756355,77804.0,0.4009113311767578,99.56171035766602,124.40137447737882,102351.0,0.011869994958033203,1.905020764305082,1
15,86906.5,0.6220837102483117,84548.5,0.33152198791503906,73.84323120117188,115.65985112418701,75912.0,0.010300043392362568,3.0532848212140897,1
19,105860.0,0.6450332270910432,78038.0,0.4038238525390625,100.02473831176758,124.50445773209542,102827.0,0.011761491041852423,1.765835492980353,1
16,86883.0,0.5915028576182271,84495.5,0.3314323425292969,72.50375747680664,115.0289672575134,74535.0,0.010712189506193681,3.072503937344044,1
19,100240.0,0.5777990955512418,73768.0,0.38238525390625,97.4673843383789,123.91243681132799,100198.0,0.012915249260004202,2.2284584844310293,1
14,106008.0,0.5486868166986214,77893.5,0.404388427734375,100.16870498657227,124.53614058934446,102975.0,0.012172262371677789,2.264460212003544,1
20,86163.5,0.6446988491279682,83548.5,0.3286876678466797,72.67204284667969,115.10927466713389,74708.0,0.011833644715807168,2.7021445553319867,1
16,106410.0,0.5788390443553496,77905.0,0.40592193603515625,100.66286087036133,124.64356366590457,103483.0,0.012550347310479992,2.1270558934820563,1
19,84942.5,0.6244378024945088,82313.5,0.32402992248535156,72.6807975769043,115.11344424390944,74717.0,0.011904160467565816,2.8057210769435925,1
14,105806.5,0.5208340706044756,77538.0,0.40361976623535156,100.08991241455078,124.51882226618594,102894.0,0.012386586432967306,2.410354992652578,1
26,84352.0,0.661925200729547,81440.0,0.32177734375,72.60200500488281,115.07588863665615,74636.0,0.012777772652043495,2.4053043206468447,1
20,104827.5,0.6290346155141817,77083.5,0.3998851776123047,99.00821685791016,124.27577516710215,101782.0,0.011808193017714075,1.793171656176375,1
27,85305.0,0.6088980225457891,81780.0,0.3254127502441406,73.84809494018555,115.662107379438,75917.0,0.013179512568513019,2.5769023795765,1
23,104573.5,0.6712386652017935,77171.0,0.39891624450683594,98.7008285522461,124.20490217347654,101466.0,0.011883627144015918,1.6600553875626953,1
28,84087.0,0.651411367963991,80933.0,0.3207664489746094,71.48237228393555,114.53503998805081,73485.0,0.01295771792456435,2.435168532693385,1
30,103917.5,0.6045432202241462,100205.5,0.39641380310058594,71.9366455078125,114.75610501221932,73952.0,0.01629328561057264,2.5968963538475234,1
20,108448.5,0.5637869717759788,78050.0,0.4136981964111328,102.91088104248047,125.106455584406,105794.0,0.013861995190836751,2.047076911370523,1
24,85011.5,0.6615367835342277,82199.5,0.3242931365966797,72.22749710083008,114.89647698367972,74251.0,0.013318309472197143,2.625695960629531,1
22,107716.0,0.5979522567936253,77757.5,0.4109039306640625,102.12003707885742,124.94841928620552,104981.0,0.013582933576344658,1.915351918344242,1
30,85790.0,0.6479470817694295,82532.5,0.32726287841796875,72.80141830444336,115.17080863002789,74841.0,0.013896451061100379,2.486245441292057,1
24,108267.0,0.5764683667250491,77717.5,0.4130058288574219,102.69590377807617,125.06401085289697,105573.0,0.014517739715756761,2.0989689217997505,1
22,84979.5,0.592506227297465,81390.5,0.3241710662841797,71.98722839355469,114.78058280288805,74004.0,0.01346096758652493,2.9991294792814434,1
19,108407.5,0.5522932371241839,77661.0,0.4135417938232422,102.91671752929688,125.1076025786028,105800.0,0.015224907247102237,2.4309383776811964,1
27,86239.5,0.653120239215341,82939.0,0.3289775848388672,74.146728515625,115.8001658976125,76224.0,0.014041343775261339,2.60570136899228,1
20,107553.5,0.6139230434001451,77619.0,0.41028404235839844,102.0033073425293,124.92465194480418,104861.0,0.01450950233356707,2.08870666555472,1
19,87251.0,0.5898806562854876,82533.0,0.3328361511230469,75.0494384765625,116.21182640280678,77152.0,0.013963132842491177,3.1540288440907953,1
7,125344.0,0.4569165652873678,116201.5,0.4781494140625,117.04198837280273,127.07037417433457,120321.0,0.014542796719524631,8.087662115173046,1
17,107223.0,0.5837775779293706,77561.0,0.4090232849121094,101.66868209838867,124.85588898993063,104517.0,0.014256264511459449,2.181664137759912,1
29,84136.5,0.6186862135073199,79662.5,0.3209552764892578,71.3705062866211,114.48026002538498,73370.0,0.016192476879496098,2.691709790303921,1
21,107604.0,0.5909043801604331,77472.0,0.4104766845703125,102.11420059204102,124.94723361651052,104975.0,0.014337252242512477,1.9728870785828196,1
30,85052.0,0.5943541964785095,80134.0,0.3244476318359375,72.19345092773438,114.88009239949746,74216.0,0.016215748456943402,2.6217893637046297,1
18,107702.5,0.5417975495752546,77488.0,0.41085243225097656,102.22412109375,124.96951606498517,105088.0,0.014124554801128397,2.170591391496976,1
41,85553.5,0.6356014034825099,80845.0,0.32636070251464844,70.89094161987305,114.24388171501951,72877.0,0.015514134532622847,2.302514431233068,1
14,107773.0,0.5146183389091005,105844.5,0.4111213684082031,102.39532470703125,125.00402104906307,105264.0,0.014275992489274358,2.4485873613742717,1
35,84948.5,0.6238528061947883,80569.5,0.3240528106689453,70.0631332397461,113.8299448157858,72026.0,0.014844056810488837,2.5114040917753475,1
19,107517.0,0.5376110384643952,77171.5,0.4101448059082031,102.16283798217773,124.95710552378608,105025.0,0.014096271815560613,2.1033301903625135,1
35,84859.0,0.6779402957368741,81718.0,0.3237113952636719,69.60399627685547,113.5971071501807,71554.0,0.014399224310182035,2.2260210014322186,1
28,102982.0,0.6797446310688594,100351.5,0.39284515380859375,72.07574844360352,114.8233527615932,74095.0,0.016363193369215878,2.3844771947904055,1
20,107610.5,0.5397360806334123,77131.5,0.41050148010253906,102.29610443115234,124.98405357546467,105162.0,0.014474740151854348,2.2726649617109147,1
34,86005.0,0.6152871955690508,82138.5,0.3280830383300781,70.98043441772461,114.28818270665984,72969.0,0.01662904475188043,2.489761386338189,1
16,108671.0,0.5109345920675342,77414.0,0.4145469665527344,103.39822769165039,125.20125627004091,106295.0,0.014884810469538934,2.5129999315300684,1
34,86458.0,0.6379146800460704,82760.0,0.32981109619140625,71.09132766723633,114.34295643219521,73083.0,0.017423361603960075,2.4384520285886264,1
22,107832.0,0.5616296658094325,77043.0,0.411346435546875,102.54707336425781,125.03440107550908,105420.0,0.014467494159816852,2.043934872256545,1
50,85953.0,0.6480444660464698,81039.5,0.3278846740722656,70.31312942504883,113.95574506730135,72283.0,0.01741694818247197,2.2369593014181657,1
19,106301.0,0.6125969440999413,76671.5,0.4055061340332031,100.93717575073242,124.70231099663916,103765.0,0.013315587145825702,1.916448189273296,1
40,85465.0,0.6231586704618522,81087.0,0.3260231018066406,69.41722869873047,113.50172544047258,71362.0,0.017327564262359374,2.4674791146012547,1
18,105746.5,0.6308297437571803,76538.5,0.40339088439941406,100.33601760864258,124.57274204512804,103147.0,0.012686115589986002,1.8022574981606694,1
44,88370.5,0.6662760606165302,84090.0,0.33710670471191406,73.85976791381836,115.66752137804528,75929.0,0.019123566390135238,2.219361253359742,1
22,102365.5,0.5987890755096648,74108.0,0.39049339294433594,100.71928024291992,124.65569802176203,103541.0,0.012829315911403683,2.0467491143766363,1
16,105038.5,0.5975318017597266,76336.5,0.40069007873535156,99.60742950439453,124.41163334329985,102398.0,0.012146504368502065,1.8621409736379717,1
42,88615.0,0.6359574750925963,83753.0,0.3380393981933594,72.77029037475586,115.15601974858478,74809.0,0.0184406890707578,2.3865265680013286,1
20,105327.5,0.6254670514278196,76304.0,0.4017925262451172,99.98096466064453,124.49478982668835,102782.0,0.01259063585257536,1.782748104496679,1
47,86584.5,0.6803174605729313,82384.5,0.3302936553955078,70.00476837158203,113.8004760095254,71966.0,0.01785329147696757,2.1215654048299717,1
20,103554.5,0.6701249464604293,76394.5,0.39502906799316406,97.76504516601562,123.98420246555973,100504.0,0.01146563705879089,1.6589521203762072,1
49,86851.5,0.6651721463457357,82153.0,0.3313121795654297,70.27908325195312,113.93865317140224,72248.0,0.018432134074373607,2.1928749455088536,1
18,106610.0,0.5394848361987699,76818.5,0.40668487548828125,101.42257690429688,124.80471948082608,104264.0,0.013495400849024008,2.2202706681800572,1
51,84961.5,0.6608076034487799,80626.0,0.32410240173339844,69.07384872436523,113.32534953450015,71009.0,0.01758409385502091,2.1353140436423974,1
18,106489.5,0.577705723139381,76695.0,0.40622520446777344,101.27666473388672,124.77414270401147,104114.0,0.013323468362159474,2.1363298209930273,1
56,87138.5,0.6745896463986739,82471.5,0.33240699768066406,74.52999114990234,115.97598097201238,76618.0,0.018677266085433075,2.0696366463304603,1
32,102105.0,0.6856851894451927,99143.5,0.3894996643066406,72.22846984863281,114.89694493208472,74252.0,0.01612920711750121,2.248279126874234,1
18,103802.5,0.629570227968697,76284.0,0.39597511291503906,98.31464767456055,124.11472599832767,101069.0,0.012159238188360177,1.85238298398461,1
45,87792.5,0.6669701207553084,83999.0,0.3349018096923828,74.2770767211914,115.86013308147913,76358.0,0.016762961832682777,2.1637219718247382,1
14,103304.5,0.5928177276391098,76043.0,0.3940753936767578,97.65804290771484,123.95849142717981,100394.0,0.011500399249598559,2.0122321459052226,1
50,88301.0,0.6544869408706494,83617.5,0.3368415832519531,75.08251190185547,116.22674796053134,77186.0,0.01744267895401208,2.2346187588474007,1
12,102905.0,0.585515135987197,75833.5,0.3925514221191406,97.16096878051758,123.83776962083603,99883.0,0.011210865647171886,2.032749315009259,1
62,89157.0,0.6794125125809359,83493.0,0.3401069641113281,76.43657684326172,116.82797959185926,78578.0,0.019099659587936912,2.052854655195818,1
14,102355.0,0.6358582908211032,75648.5,0.3904533386230469,96.39930725097656,123.64868341608349,99100.0,0.011113217105048534,1.8245791986176865,1
54,89824.5,0.6731226577488657,84365.5,0.3426532745361328,76.36848449707031,116.7981940030481,78508.0,0.01859867175517138,2.131570673734934,1
15,104511.5,0.563705264606822,75922.5,0.3986797332763672,99.2076301574707,124.32132483485496,101987.0,0.012025293875467469,2.0526003324895936,1
53,88758.0,0.6695729346901982,83367.0,0.33858489990234375,75.52413940429688,116.4249110600306,77640.0,0.01932285625116492,2.192180248675947,1
20,102084.5,0.5965786382833093,74142.0,0.3894214630126953,100.36909103393555,124.57994934448766,103181.0,0.012488068942275277,2.0875849688331733,1
16,104426.5,0.5608607930363771,75727.0,0.39835548400878906,99.1424560546875,124.30647489728631,101920.0,0.012092107222088089,2.064252424717581,1
56,88402.0,0.6223732802267029,81733.5,0.33722686767578125,75.80720901489258,116.55087026775041,77931.0,0.01981723330754903,2.3654106817535476,1
15,102411.0,0.5788053883067318,75336.5,0.3906669616699219,96.60358428955078,123.69988478671719,99310.0,0.011818916826086934,1.9911546289536353,1
47,88296.5,0.6149048031959995,83172.5,0.3368244171142578,76.69727325439453,116.9415792402828,78846.0,0.01983766230296169,2.3759367398775204,1
16,102003.5,0.5862795823894938,75028.5,0.3891124725341797,96.50630950927734,123.67554790566035,99210.0,0.012214495151056326,1.9222009913128006,1
54,83893.0,0.6844768540096015,79646.5,0.3200263977050781,70.4989242553711,114.04879378562089,72474.0,0.016411850876920653,1.9774171119906256,1
15,101971.0,0.5760882065865167,74833.0,0.3889884948730469,96.84288024902344,123.75940775785202,99556.0,0.01192387714945653,1.9500693439270311,1
60,84579.0,0.6713796520930005,79012.0,0.3226432800292969,71.43373489379883,114.5112392607868,73435.0,0.0172566378778356,2.089831946329142,1
18,102577.5,0.6291017957345467,74718.0,0.39130210876464844,97.81854629516602,123.99702135925598,100559.0,0.012165465560883604,1.825659895918403,1
59,84484.5,0.636372168257911,78167.0,0.3222827911376953,71.43178939819336,114.51028669910598,73433.0,0.018536234581915778,2.2208328389373424,1
35,101867.0,0.681544034994374,98898.0,0.3885917663574219,73.21969985961914,115.36853564412682,75271.0,0.01641759052336056,2.1986384014759968,1
14,101284.5,0.5931067799857759,74257.0,0.3863697052001953,96.49171829223633,123.67189036127796,99195.0,0.011713255490576557,1.9726564556362813,1
59,85116.0,0.6510816691688108,79311.5,0.3246917724609375,72.26640701293945,114.91518701085478,74291.0,0.019398065789573593,2.165727935022359,1
16,97717.0,0.6442036405394175,73753.0,0.3727607727050781,91.29432678222656,122.25137719816412,93852.0,0.012911322255604318,2.0917649338899347,1
65,86054.5,0.6563560248576562,80163.0,0.32827186584472656,73.32183837890625,115.41653609149186,75376.0,0.020677794063431065,2.1124215058940474,1
12,101116.0,0.5902942047132363,74588.5,0.3857269287109375,96.36331558227539,123.63962505390825,99063.0,0.011548185617812123,1.9962248684868857,1
67,86415.5,0.6354458714991381,79771.5,0.3296489715576172,72.88118362426758,115.2086580848593,74923.0,0.021381100379585405,2.187879177906782,1
18,102279.5,0.5981838093318094,74296.0,0.3901653289794922,98.15317153930664,124.07664429415645,100903.0,0.012282392910947237,2.003404672219903,1
70,87733.0,0.6410675461001293,80624.0,0.3346748352050781,73.87533187866211,115.67473781632859,75945.0,0.02221787459029656,2.1972890649860766,1
16,104535.5,0.5081925316327047,74560.5,0.3987712860107422,100.85351943969727,124.68446203817618,103679.0,0.01352183263452389,2.3713920049777375,1
68,85022.5,0.643335572227754,79312.0,0.32433509826660156,69.6273422241211,113.60900264484326,71578.0,0.018962396266033466,2.0815315115026767,1
21,101675.0,0.6101835323498677,74438.0,0.3878593444824219,99.11813735961914,124.30092466696513,101895.0,0.012310040662214305,2.006828427037202,1
30,106280.0,0.5804959706410954,75103.0,0.405426025390625,104.92835998535156,125.48613894390536,107868.0,0.014846888092961308,1.999363954083581,1
21,105268.5,0.5367899557442443,74400.5,0.4015674591064453,101.85447692871094,124.89418379732493,104708.0,0.014194845959991653,2.235124128757644,1
59,86375.5,0.6430309633405961,81329.5,0.3294963836669922,72.15940475463867,114.86369538670206,74181.0,0.019310505831981573,2.0491231702480572,1
26,105060.5,0.565508260050994,74250.5,0.4007740020751953,101.81459426879883,124.88598773450752,104667.0,0.01440738459905333,1.9805814730635414,1
52,87255.5,0.6520624349008061,80927.0,0.3328533172607422,74.11170959472656,115.78402501037087,76188.0,0.018567611976777698,2.288691960600766,1
30,104871.5,0.5830415232099248,73928.0,0.4000530242919922,101.82626724243164,124.88838795617849,104679.0,0.014590172460884787,1.9815577838837493,1
43,86496.5,0.6365830960611816,80836.0,0.3299579620361328,74.13700103759766,115.79568360581774,76214.0,0.01732708784584247,2.464641325609935,1
26,104744.5,0.5861104891492247,74289.5,0.3995685577392578,101.80194854736328,124.88338621104745,104654.0,0.014307660263057187,1.9541686720494966,1
43,85166.5,0.667790615433283,80341.0,0.32488441467285156,73.4648323059082,115.48355143600048,75523.0,0.017579942270003812,2.1960374952251303,1
28,105482.0,0.5828376545623063,74149.5,0.40238189697265625,102.80679702758789,125.08595335593539,105687.0,0.015016585980902164,2.0742362866803767,1
39,84964.0,0.6730033968837228,80626.0,0.3241119384765625,73.32086563110352,115.41607946485209,75375.0,0.017567235691785754,2.347359199756439,1
28,101283.5,0.6630692745210169,98523.5,0.3863658905029297,72.95997619628906,115.24597955456252,75004.0,0.01608336496474294,2.4438595165086774,1
22,106117.5,0.537691787954626,74425.0,0.40480613708496094,103.1920051574707,125.1613813711544,106083.0,0.01469784379196426,2.3565407570353987,1
33,85564.5,0.6692861223161644,82196.5,0.3264026641845703,74.02902603149414,115.74586361014963,76103.0,0.017634525460380246,2.467580401550946,1
26,105328.5,0.5672383561178116,74316.5,0.4017963409423828,102.79415130615234,125.08345630144981,105674.0,0.01563057414978175,2.10737019320436,1
40,85477.0,0.6517114083613783,79168.0,0.3260688781738281,73.95606994628906,115.71213226971194,76028.0,0.018141066892439994,2.4041554700665015,1
25,105156.0,0.5353675316871563,73732.5,0.4011383056640625,102.52761840820312,125.03051690540867,105400.0,0.015501033242799167,2.313510777755754,1
44,84814.0,0.6744182792907468,78860.5,0.32353973388671875,73.0942153930664,115.30941245754376,75142.0,0.017175200963720272,2.2053013526110012,1
25,105522.0,0.5436869906023821,73268.5,0.40253448486328125,102.82722473144531,125.08998425352605,105708.0,0.01560021537625289,2.4392596388191556,1
37,82802.5,0.6962455671482247,79034.5,0.31586647033691406,72.20609664916992,114.88617955276018,74229.0,0.01591434085594301,2.189304690033973,1
22,104305.0,0.5163262371782824,73080.0,0.3978919982910156,101.45565032958984,124.81162546111402,104298.0,0.014755652966414345,2.5038124250369904,1
39,82929.5,0.6707358507138487,79183.5,0.31635093688964844,72.6807975769043,115.11344424390944,74717.0,0.016202948851969268,2.2422783353745412,1
25,107275.0,0.6117469573267599,76104.5,0.4092216491699219,105.92153549194336,125.66073320442837,108889.0,0.015064755743878777,1.9418828163106445,1
27,103231.5,0.5782523500040598,72769.5,0.3937969207763672,100.19010543823242,124.54083530724019,102997.0,0.014115298785327468,2.105168628223867,1
28,83809.5,0.6604340537476097,79225.0,0.31970787048339844,73.32572937011719,115.4183624980021,75380.0,0.01535500165209669,2.7378522611930203,1
27,103258.0,0.5985101116180155,72644.5,0.39389801025390625,100.24847030639648,124.55361949521432,103057.0,0.014139654782866273,2.0874612022451733,1
26,83507.5,0.6080223363740648,78600.5,0.3185558319091797,72.69441604614258,115.11992862869867,74731.0,0.01551020753731791,2.9444074148522454,1
19,103428.0,0.5205686380462055,73556.0,0.3945465087890625,100.39827346801758,124.58630108878594,103211.0,0.014329715864732862,2.2756829912758234,1
26,82277.5,0.6628210503712595,78815.5,0.31386375427246094,72.45317459106445,115.00476952021668,74483.0,0.016692089919615682,2.7571033067726636,1
20,102890.0,0.5257189490644764,73202.0,0.39249420166015625,99.77474212646484,124.44902601405114,102570.0,0.014306603100521897,2.272308817383737,1
21,93043.5,0.6739943546540849,90418.0,0.3549327850341797,76.68365478515625,116.93566204971786,78832.0,0.013169423984436435,2.6577379399283827,1
21,102263.0,0.5150594610681478,72639.5,0.3901023864746094,99.12397384643555,124.30225717875044,101901.0,0.014123722211479617,2.3118951867172277,1
18,86025.5,0.6696195420393268,83655.0,0.32816123962402344,77.13987350463867,117.13286327658518,79301.0,0.015620047693573724,3.076486328707891,1
30,101177.5,0.6876688069703321,98566.0,0.38596153259277344,73.39576721191406,115.45121045018371,75452.0,0.016470388289690163,2.3181717636759656,1
19,101387.5,0.5225491511004215,72388.0,0.3867626190185547,98.1716537475586,124.08101428541316,100922.0,0.013530321844427817,2.2755417724912212,1
21,83336.0,0.6396949760851323,79680.0,0.317901611328125,74.84127044677734,116.11764810673938,76938.0,0.015489646970763715,2.944576853527169,1
25,98862.0,0.6046657468783473,71306.0,0.37712860107421875,94.92753982543945,123.26915606986468,97587.0,0.012816833917895565,1.9188674103388588,1
22,84246.5,0.6780484706483804,81481.5,0.32137489318847656,76.70602798461914,116.94538215295505,78855.0,0.016390934149058012,2.8485674037949185,1
26,98607.0,0.6212639365131702,70968.0,0.3761558532714844,94.86625671386719,123.25294641157582,97524.0,0.01254262490238034,1.8528724831111716,1
20,84595.5,0.689644355038817,82177.5,0.3227062225341797,77.33636856079102,117.21714926081079,79503.0,0.015656885665976006,2.8823272390756545,1
23,98484.5,0.5807914218561122,70773.5,0.3756885528564453,94.80010986328125,123.23541368067266,97456.0,0.012594338264079852,2.036681022903456,1
18,85097.0,0.7027555115656153,82801.0,0.3246192932128906,78.33343505859375,117.63884941575415,80528.0,0.01567916586100182,3.022835296257602,1
23,98834.0,0.5871095934655484,70589.0,0.37702178955078125,95.42072296142578,123.39841970091192,98094.0,0.013203857252392481,2.311063453266184,1
25,85603.0,0.6697948346235231,82510.0,0.3265495300292969,79.26727294921875,118.02480265285274,81488.0,0.01577410338086338,2.679056625261211,1
3,144728.0,0.3091356937207938,140095.5,0.552093505859375,116.39802932739258,127.01573228220413,119659.0,0.012619011873084673,20.63464476448008,1
24,99136.5,0.5564656556440425,70321.0,0.3781757354736328,95.77188491821289,123.48917650286953,98455.0,0.013646296346905729,2.38898604385836,1
31,85126.5,0.6608671343574263,81088.5,0.32473182678222656,79.0279769897461,117.92672718808666,81242.0,0.015756834591229563,2.446788374512541,1
22,99130.5,0.5109022667731506,70061.0,0.37815284729003906,95.66099166870117,123.46063157330548,98341.0,0.013762363876139716,2.537239836408839,1
27,85441.0,0.6883759745581336,82581.0,0.3259315490722656,79.50462341308594,118.12152143568208,81732.0,0.016222386460412963,2.497535955828809,1
29,101429.0,0.5726878404426508,69929.5,0.3869209289550781,98.36523056030273,124.1266095955886,101121.0,0.015312374174300203,2.3601959666853007,1
28,85197.0,0.6735417077494104,81896.0,0.3250007629394531,79.37232971191406,118.06768123682826,81596.0,0.01671861471777447,2.5398458557491024,1
24,98044.5,0.581918114879625,69387.5,0.3740100860595703,94.4168472290039,123.13307842627395,97062.0,0.013138736301243625,2.2497062342362595,1
31,85948.5,0.6804863322487664,82896.0,0.3278675079345703,79.45209503173828,118.10016438668022,81678.0,0.017068099060907116,2.4423808610195663,1
29,99670.0,0.5885943831773737,69291.0,0.38021087646484375,96.50047302246094,123.67408510746634,99204.0,0.014528529315157357,2.1237833845996423,1
32,86284.5,0.6630640332851844,82552.0,0.3291492462158203,79.74197387695312,118.21768455197544,81976.0,0.017421444614683423,2.481167538602926,1
30,101559.5,0.6190969052945342,92324.5,0.3874187469482422,73.8072395324707,115.64314710944403,75875.0,0.015901026292340248,2.533381930450465,1
27,99852.5,0.5570165691467783,69016.0,0.3809070587158203,96.69696807861328,123.72317173613854,99406.0,0.014803888526330411,2.509953937176974,1
31,85798.0,0.6153884152910354,81733.0,0.32729339599609375,79.94430541992188,118.2992219459043,82184.0,0.01747338257428055,2.5922147981205197,1
26,96620.0,0.625293041543412,68657.0,0.3685760498046875,93.08515548706055,122.76753836886276,95693.0,0.013235908415026643,2.067827135539463,1
43,83471.5,0.6715538659787043,79247.0,0.3184185028076172,76.7673110961914,116.97198073294894,78918.0,0.016759127859586442,2.132934361516107,1
23,96645.0,0.5801552896594084,68514.0,0.3686714172363281,93.09877395629883,122.77135515538698,95707.0,0.013187831666527927,2.3495124351690135,1
35,83653.5,0.6862714185366827,79986.0,0.31911277770996094,77.1379280090332,117.13202681067493,79299.0,0.01591434086094523,2.23510781871894,1
29,100137.5,0.5646261020849669,68547.5,0.38199424743652344,97.23684310913086,123.85633344725908,99961.0,0.015569856604997767,2.4112193028330635,1
38,84039.0,0.6915144236022331,80400.5,0.3205833435058594,77.84122467041016,117.43192084252611,80022.0,0.01646751847192718,2.222842757696833,1
34,100054.0,0.5877935274276999,68000.5,0.38167572021484375,97.31077194213867,123.87437390061928,100037.0,0.015930990356537222,2.1732640780698613,1
25,84454.5,0.6587645197576596,81240.5,0.32216835021972656,78.5698127746582,117.73736356014173,80771.0,0.01660586619436799,2.6654980567998647,1
22,106343.5,0.5433643835163664,75567.5,0.4056682586669922,105.04022598266602,125.50620921329063,107983.0,0.014987311603363196,2.230795230300399,1
28,100006.5,0.5445531602848808,68068.0,0.38149452209472656,97.39248275756836,123.8942589690768,100121.0,0.01589900498993302,2.4602419179301185,1
30,84561.5,0.6734571256964984,81323.5,0.32257652282714844,78.82467269897461,117.84295698996205,81033.0,0.015931993051253812,2.5006184300123535,1
24,100616.5,0.5133854783181625,67952.0,0.3838214874267578,98.01115036010742,124.04296734162641,100757.0,0.01605976447399371,2.7008006552948998,1
30,84070.0,0.61641039835473,80188.0,0.32070159912109375,79.08536911010742,117.95030104156349,81301.0,0.01606555396801923,2.658381117856688,1
28,99507.5,0.547456759370556,67778.0,0.3795909881591797,96.76992416381836,123.74131258032828,99481.0,0.01570903691208514,2.3424688013364867,1
27,83661.5,0.6568327102667317,80469.0,0.31914329528808594,78.11164855957031,117.54590908235218,80300.0,0.015214605370147183,2.5997476764947276,1
28,99964.5,0.5194319522053842,67247.0,0.3813343048095703,97.34968185424805,123.88385010044662,100077.0,0.016300744883665175,2.7798387246951157,1
33,83038.5,0.6490749672360174,79038.0,0.31676673889160156,77.33636856079102,117.2171492608108,79503.0,0.015551832321762049,2.3888497319698727,1
27,100859.0,0.5100870930585044,67447.5,0.3847465515136719,98.3302116394043,124.1183848065952,101085.0,0.016326952081271884,2.788895714759832,1
30,85445.0,0.6608770980242136,82049.0,0.3259468078613281,80.23904800415039,118.41728090294082,82487.0,0.01670358052069787,2.4812552361634865,1
31,99514.0,0.64732683028252,91975.5,0.37961578369140625,73.53584289550781,115.51675094115868,75596.0,0.016609727403647412,2.42693205972625,1
23,102373.5,0.48985627522437725,68030.0,0.39052391052246094,99.97804641723633,124.49414472571868,102779.0,0.017281420432482264,3.2114435629871076,1
27,85594.0,0.654517866758775,82037.0,0.32651519775390625,80.00072479248047,118.32188662610278,82242.0,0.01595219745695431,2.5687536283318058,1
22,101830.5,0.47240801411134226,69426.0,0.38845252990722656,99.48972702026367,124.38518644758562,102277.0,0.016939406667916046,2.912260243801927,1
25,86033.0,0.6563191714045894,82661.0,0.3281898498535156,79.81395721435547,118.24673916622682,82050.0,0.015726158208508423,2.655644125401366,1
35,103501.5,0.5723642682591213,68961.5,0.39482688903808594,101.55097961425781,124.83147976780671,104396.0,0.018960747058372363,2.4516887085273487,1
26,84902.5,0.6728342263113163,81731.5,0.32387733459472656,79.27505493164062,118.02798258529086,81496.0,0.016517473658041126,2.609274485341156,1
33,103420.0,0.5584047186361235,68573.0,0.3945159912109375,101.6356086730957,124.8490418917532,104483.0,0.018574107106360316,2.6115737218725577,1
27,84304.0,0.6732468767141734,81000.5,0.32159423828125,78.67778778076172,117.78217859260229,80882.0,0.016017477213154052,2.5464941569310007,1
29,98640.5,0.5880650698493132,69001.0,0.3762836456298828,96.64443969726562,123.71008204024571,99352.0,0.015418802315252833,2.114455610801725,1
21,84829.0,0.6245168845216198,81606.0,0.3235969543457031,78.17487716674805,117.57245535194286,80365.0,0.015318957703584601,2.9959907438905042,1
23,107624.0,0.5430432021531173,104685.5,0.410552978515625,106.19195938110352,125.70687095375274,109167.0,0.015158252701894526,2.3349933603182698,1
28,99332.5,0.5796783099429563,69211.5,0.3789234161376953,97.60065078735352,123.94466070250951,100335.0,0.01562294475706949,2.310764213542722,1
25,89955.0,0.6660375178206468,86939.5,0.3431510925292969,81.47930145263672,118.90477410605814,83762.0,0.013797137366054812,2.5902773270173935,1
28,104237.0,0.5559363554569854,70276.5,0.3976325988769531,102.87391662597656,125.09918472018771,105756.0,0.017398002926256595,2.4366611679879377,1
31,84329.5,0.6306787552998747,80446.0,0.32169151306152344,76.98326110839844,117.06540518768878,79140.0,0.016739268303808785,2.569821776857746,1
24,99756.0,0.5380565420230753,69701.5,0.3805389404296875,98.21542739868164,124.09135267035371,100967.0,0.015332102159845817,2.5110930159008826,1
30,88907.5,0.6435637300414369,85365.0,0.3391551971435547,80.09410858154297,118.35933194649867,82338.0,0.01466366236218164,2.4869097295883917,1
27,99740.5,0.5350198454794141,70379.0,0.3804798126220703,98.35355758666992,124.12386915757348,101109.0,0.015601683182012493,2.346220469262273,1
34,87527.0,0.6243669365664273,83017.5,0.3338890075683594,80.31492233276367,118.44753456926348,82565.0,0.015962669436703436,2.4538546791783187,1
23,99789.5,0.5588879148366483,71049.5,0.38066673278808594,98.43624114990234,124.14325564243661,101194.0,0.015213126261642174,2.372847574459559,1
27,84668.0,0.636394410784172,80807.0,0.3229827880859375,77.5990104675293,117.32920030273897,79773.0,0.015351233469573344,2.6333539018674172,1
32,96469.0,0.6368719921451824,89916.0,0.3680000305175781,73.00861358642578,115.26898458269918,75054.0,0.015943483650971757,2.4230153267182417,1
27,100239.0,0.5410838257277304,70867.0,0.3823814392089844,98.90705108642578,124.25253829369336,101678.0,0.015574709195334435,2.556667949712536,1
26,84578.5,0.6523658529192313,81195.0,0.32264137268066406,78.18557739257812,117.57694384060422,80376.0,0.01681163525881857,2.6944902053784565,1
25,100324.0,0.5001336212001509,71118.5,0.3827056884765625,98.92942428588867,124.25768468535144,101701.0,0.015121321699098189,2.6759920332366027,1
34,84144.5,0.627658871674686,79524.5,0.3209857940673828,78.13985824584961,117.55775774490671,80329.0,0.017044761697889044,2.497649062822184,1
26,101083.5,0.5399971499045384,71487.0,0.3856029510498047,99.71443176269531,124.43557448627818,102508.0,0.015025683181647764,2.6009125886008997,1
33,83527.5,0.6395816188960218,78854.0,0.3186321258544922,77.88694381713867,117.4512437405251,80069.0,0.016719540319627413,2.494105961002045,1
28,99386.5,0.5734078540679445,71658.5,0.37912940979003906,96.89054489135742,123.77120528601142,99605.0,0.014133942379885411,2.2581513476979587,1
27,83817.0,0.6528381793767616,80162.5,0.3197364807128906,78.34218978881836,117.64250802852445,80537.0,0.016508469482232613,2.6680394593902177,1
25,99737.5,0.5209979470230103,72123.5,0.38046836853027344,96.8983268737793,123.77312956322923,99613.0,0.014567059683940897,2.515259064073786,1
30,84017.0,0.6148552191751803,78152.5,0.3204994201660156,79.03478622436523,117.92952579266151,81249.0,0.016844705045059527,2.8141055204761205,1
16,105658.5,0.6592441392986357,103448.0,0.40305519104003906,70.5417251586914,114.07017544959749,72518.0,0.012918196164264373,3.0375834040098497,1
4,112778.0,0.4975580152768824,107923.5,0.43021392822265625,110.13547897338867,126.31200817624729,113221.0,0.010754317951068515,5.162075049119137,1
26,99996.5,0.5599466965558162,72597.0,0.3814563751220703,96.95474624633789,123.7870650477035,99671.0,0.014568368677828403,2.3077108838721214,1
29,83709.5,0.6573974753374698,79896.5,0.31932640075683594,79.69528198242188,118.19881105687925,81928.0,0.01708137508148866,2.605839131224119,1
28,99789.5,0.5743779843988505,73296.0,0.38066673278808594,96.45669937133789,123.6631047890942,99159.0,0.0151548406765869,2.297925878562918,1
28,84320.5,0.6059141102927365,80109.5,0.3216571807861328,79.39567565917969,118.07719500273184,81620.0,0.016281504633752775,2.7491477692882897,1
23,100162.0,0.48656098674800036,73649.5,0.38208770751953125,96.69015884399414,123.72147625995123,99399.0,0.015317927785872598,2.6098225101897294,1
29,85369.0,0.6272811089643102,81512.5,0.3256568908691406,79.17291641235352,117.98619831112715,81391.0,0.015915359478185565,2.668366476308993,1
29,103570.5,0.5560377471068295,74095.0,0.39509010314941406,101.82626724243164,124.88838795617849,104679.0,0.015691160122514702,2.3914952712532576,1
27,85109.0,0.6283922353362407,80381.5,0.3246650695800781,78.14374923706055,117.5593914182352,80333.0,0.014761376682145055,2.700814448060331,1
25,103733.5,0.5601547267099907,74602.5,0.39571189880371094,101.92840576171875,124.90934139652127,104784.0,0.015557982606878795,2.4795658004743517,1
33,84183.0,0.6567620339584377,79276.5,0.3211326599121094,77.13111877441406,117.12909887847177,79292.0,0.015973234436842176,2.480863263630484,1
37,94694.0,0.6309702971945399,88639.0,0.36122894287109375,73.8296127319336,115.65353228715401,75898.0,0.017123197217188135,2.3355722978487927,1
26,103355.0,0.5495074510379926,74134.5,0.3942680358886719,101.33502960205078,124.78639478755062,104174.0,0.014870636096929957,2.4782661710835168,1
34,85549.0,0.6437581956658107,81652.0,0.3263435363769531,79.22155380249023,118.00610845525814,81441.0,0.01757996950755114,2.473054996002418,1
27,103415.5,0.5527116342776465,74301.0,0.3944988250732422,101.41868591308594,124.8039064112167,104260.0,0.014922798640327528,2.5162746380191283,1
30,87067.0,0.6510953028895285,83108.0,0.3321342468261719,78.92194747924805,117.88308959851305,81133.0,0.014243027037537104,2.4819564972106596,1
25,103238.5,0.5713158918936927,74495.5,0.39382362365722656,100.83503723144531,124.68051074867954,103660.0,0.014446615976339672,2.5169300846902942,1
28,85528.5,0.639787225733566,81638.0,0.3262653350830078,78.30717086791992,117.627868985126,80501.0,0.015475538380542275,2.6299654345838657,1
24,103487.5,0.5862795935973256,75991.5,0.3947734832763672,100.57336807250977,124.62426125374405,103391.0,0.014369779828484752,2.128557359067504,1
36,83631.0,0.6548291310299592,79404.0,0.3190269470214844,76.08736038208008,116.67472085896706,78219.0,0.015274621908702102,2.337439029997367,1
32,100359.5,0.6037454231532553,75315.0,0.3828411102294922,96.3691520690918,123.64109473432633,99069.0,0.015983152911303478,2.141184358230576,1
21,84293.5,0.568960952266319,80420.5,0.32155418395996094,77.05718994140625,117.09727970107859,79216.0,0.014707587527482247,3.1752650047131405,1
7,119994.0,0.49130092191306757,108772.5,0.45774078369140625,115.96612930297852,126.97724137318616,119215.0,0.014943003051484993,7.608108256187326,1
26,104177.0,0.5648432908481673,75719.5,0.3974037170410156,101.72801971435547,124.86815059155937,104578.0,0.014560131291545986,2.3431957105062144,1
19,84073.0,0.5447104059260074,80147.5,0.3207130432128906,77.75562286376953,117.39568536930338,79934.0,0.015323651496601087,3.4463080968504762,1
24,104222.0,0.5319409662575201,75854.5,0.39757537841796875,101.62004470825195,124.84581656626348,104467.0,0.01455065070058481,2.488790277578106,1
16,83157.0,0.5168199513076647,79059.0,0.3172187805175781,77.135009765625,117.13077204002077,79296.0,0.014992427335982939,3.9492494150269484,1
31,102572.0,0.6270195476738432,75516.5,0.3912811279296875,98.81950378417969,124.2323594592581,101588.0,0.015108138710274943,2.1722682739816674,1
15,81819.5,0.5100162582774497,77950.5,0.3121166229248047,76.83443069458008,117.00106874280117,78987.0,0.01485340583622019,3.9629768559774146,1
28,102260.5,0.6456243755400742,75401.0,0.3900928497314453,98.55588912963867,124.17120618695874,101317.0,0.014389732404652023,2.168557768228386,1
12,83525.5,0.518360290447374,80177.5,0.31862449645996094,77.28384017944336,117.19465556447659,79449.0,0.012856711833137524,4.187528118922493,1
27,105047.0,0.5712590216215857,76078.0,0.4007225036621094,102.784423828125,125.08153458641385,105664.0,0.015456023678780184,2.4707431190445983,1
14,82462.5,0.5640437723249208,79150.5,0.31456947326660156,76.92100524902344,117.03852053909723,79076.0,0.01365942486881977,3.8020880384315414,1
33,92514.0,0.6496210168000738,84553.5,0.35291290283203125,73.31502914428711,115.41333949490213,75369.0,0.016209203462040023,2.4946379917806274,1
27,103987.5,0.5726020877128783,75787.5,0.3966808319091797,100.65605163574219,124.64209736769139,103476.0,0.014868083879719052,2.4416109505064534,1
13,80696.0,0.5598397104273161,77493.5,0.307830810546875,76.27218246459961,116.75598790023456,78409.0,0.013837453154337709,4.022262868233105,1
23,105309.5,0.531381566989171,76605.0,0.40172386169433594,102.84278869628906,125.09305308738831,105724.0,0.015298900806556048,2.6884042889262285,1
19,80599.5,0.6157948025107493,77304.0,0.3074626922607422,75.7371711730957,116.51978180479313,77859.0,0.0132710925399806,3.070338209564754,1
24,105902.0,0.5078206069572283,76630.5,0.40398406982421875,103.49550247192383,125.21994289419146,106395.0,0.015315085195197753,2.6305333592806943,1
13,79353.5,0.5474059673469328,76107.0,0.30270957946777344,75.00663757324219,116.19249933250016,77108.0,0.01369897385893637,3.956305021947144,1
25,105965.0,0.5290379117739624,76896.0,0.4042243957519531,103.61806869506836,125.24337650010284,106521.0,0.01563421076798477,2.617295565573497,1
19,76256.5,0.6184149006334222,73024.5,0.2908954620361328,74.60878372192383,116.01193576794485,76699.0,0.01565250948578978,3.2413572277341407,1
29,104945.5,0.5721533425201114,76582.5,0.40033531188964844,102.22023010253906,124.96872902423002,105084.0,0.014903070657965145,2.2731410481148124,1
17,79610.0,0.5614960718535923,76010.5,0.30368804931640625,75.9151840209961,116.59869965146396,78042.0,0.013594621522770467,3.511689460205259,1
26,106773.5,0.5747629086495197,104208.5,0.40730857849121094,105.23088455200195,125.54017881604169,108179.0,0.013926190537404182,2.0887812688801004,1
24,104960.5,0.5568337434560837,76778.5,0.4003925323486328,102.02957153320312,124.93000950019088,104888.0,0.014543404701726104,2.430515330296853,1
20,75309.0,0.5433296637056246,71446.0,0.2872810363769531,74.52804565429688,115.97509238106579,76616.0,0.01677396470131498,3.4158747964633873,1
21,104599.0,0.538065302740306,76697.5,0.3990135192871094,101.42841339111328,124.80593884785819,104270.0,0.013967881111057068,2.4944185344411585,1
23,74604.5,0.6451941780973273,71091.0,0.2845935821533203,73.5611343383789,115.52856257712892,75622.0,0.015767717201470077,2.9088930289737154,1
24,104954.5,0.6068446317060586,77161.0,0.40036964416503906,102.22509384155273,124.96971280547008,105089.0,0.014120085606464272,2.239045781821627,1
26,74162.5,0.6469953944308666,70201.5,0.28290748596191406,73.22261810302734,115.3699086174995,75274.0,0.016118351741170045,2.729571532506399,1
24,104339.0,0.5924401137455996,77260.5,0.3980216979980469,100.96149444580078,124.70748864021654,103790.0,0.014486230759757746,2.2551720042282954,1
21,72822.0,0.6104199137084632,68907.0,0.27779388427734375,72.1292495727539,114.84916193479005,74150.0,0.016397730967128155,3.1695881921208304,1
27,103766.0,0.6224435019978385,76993.0,0.39583587646484375,100.40410995483398,124.58757057853028,103217.0,0.014679901233648707,2.2155480434333863,1
18,73004.0,0.6030830475784454,69542.0,0.2784881591796875,71.58645629882812,114.58588757249797,73592.0,0.015221626783386455,3.290510590540401,1
37,90606.0,0.6448651160129995,83480.5,0.34563446044921875,73.06503295898438,115.29563896021195,75112.0,0.016231231831625337,2.356458436658045,1
23,103879.0,0.6242300042211567,77749.0,0.3962669372558594,100.43231964111328,124.59370240902683,103246.0,0.01448709058422537,2.2819110329954255,1
20,72356.5,0.5818274661813069,68551.5,0.2760181427001953,71.20416641235352,114.3985538399503,73199.0,0.015701353037002264,3.206375594462519,1
22,104038.0,0.5886908655092913,77754.0,0.39687347412109375,100.67550659179688,124.64628575851455,103496.0,0.014899395494921919,2.4610306989493953,1
18,71382.0,0.5757512869462954,67757.0,0.27230072021484375,70.224609375,113.91127963794307,72192.0,0.015474705798169452,3.5085595118100987,1
25,104844.0,0.543826740830648,77238.5,0.3999481201171875,101.96439743041992,124.91670425290785,104821.0,0.015234322057040117,2.506846145901087,1
24,104284.0,0.5613110435195695,77295.0,0.3978118896484375,101.0441780090332,124.72505555333406,103875.0,0.014846214322460582,2.445274412600805,1
23,69044.5,0.5833710577440494,64834.5,0.2633838653564453,68.24701309204102,112.89523259414116,70159.0,0.015655576666631532,3.0219677484727243,1
26,105036.5,0.5957938181463466,77391.5,0.4006824493408203,101.65117263793945,124.85226519373357,104499.0,0.014343282269237534,2.327055056395639,1
22,69011.0,0.573974852217762,64748.5,0.2632560729980469,68.05440902709961,112.79393473889726,69961.0,0.016292135420826526,3.3224359505511756,1
22,104392.0,0.5431149929460681,77504.0,0.398223876953125,100.93036651611328,124.70086036805009,103758.0,0.014407636430405546,2.4889145331558007,1
27,105968.0,0.6278467602587002,75492.5,0.40423583984375,104.52661514282227,125.4132113782435,107455.0,0.013587720374744094,1.9268891747907846,1
21,68550.5,0.603150610293602,64123.0,0.26149940490722656,67.14391708374023,112.30936405752446,69025.0,0.015640000266557763,3.4465702212075513,1
29,104508.0,0.610300628676422,77606.5,0.3986663818359375,100.95176696777344,124.70541817766617,103780.0,0.014391293237167702,2.1030428971034922,1
17,67251.0,0.5880041001555936,62864.0,0.2565422058105469,66.19646072387695,111.79501810108012,68051.0,0.016486890296164347,4.155921947562459,1
31,105459.0,0.6186939045058456,78538.5,0.4022941589355469,102.32528686523438,124.9899348691016,105192.0,0.014682836842439428,1.9578720331995523,1
14,65539.0,0.4710299979855469,61160.5,0.2500114440917969,64.68578338623047,110.95325227859902,66498.0,0.016636093393572082,4.810748741107874,1
26,106478.5,0.5744784996037713,79133.5,0.40618324279785156,103.3758544921875,125.19694726117682,106272.0,0.014351996072036854,2.104391448970536,1
15,66902.0,0.5928857154317417,62968.0,0.25521087646484375,65.47079086303711,111.39401785483327,67305.0,0.01596461366261792,4.225953305585944,1
27,106408.0,0.5589541271802326,78943.0,0.405914306640625,103.29511642456055,125.18136287442876,106189.0,0.01484675652181977,2.2551510877706455,1
16,65288.0,0.5928049584365781,61166.5,0.249053955078125,64.24123764038086,110.7004019176499,66041.0,0.016526346265436587,4.107666547826613,1
25,105944.5,0.5912115753280273,78455.5,0.4041461944580078,102.59571075439453,125.04409773024562,105470.0,0.014091512241066084,2.128842305113042,1
36,90187.0,0.6623411566661562,83741.5,0.3440361022949219,73.6457633972168,115.56803710339393,75709.0,0.015712433001681347,2.3470962300435314,1
15,63252.0,0.518460324414083,58797.5,0.2412872314453125,62.630367279052734,109.76420523398964,64385.0,0.016963390563432768,4.529569926016132,1
20,106069.0,0.568777797213676,78975.0,0.4046211242675781,102.76302337646484,125.07730404644431,105642.0,0.013437618914849736,2.163112431399587,1
14,63037.5,0.5501719682207357,59339.5,0.24046897888183594,62.223758697509766,109.52288492100206,63967.0,0.01667625038044207,4.707524502234362,1
17,105672.0,0.547338898215268,78983.0,0.403106689453125,102.20855712890625,124.96636714531715,105072.0,0.013149460102340527,2.344032433845279,1
22,104570.5,0.5928557340280958,77998.5,0.39890480041503906,100.97803115844727,124.71100660634447,103807.0,0.01412126303785044,2.378405832937039,1
24,104383.5,0.6278515722024444,78874.0,0.3981914520263672,100.94106674194336,124.70313975275074,103769.0,0.014913728678948246,2.107412420404039,1
27,102776.0,0.607633921921982,78073.0,0.392059326171875,99.02572631835938,124.27978813267679,101800.0,0.01560423540058764,2.2839676792512145,1
21,103217.0,0.5811506783381728,78092.5,0.3937416076660156,99.13370132446289,124.30447739100234,101911.0,0.015199877486793412,2.595614042016444,1
21,103559.0,0.6211170183202858,78200.0,0.3950462341308594,99.62202072143555,124.41490373481756,102413.0,0.014688932646549802,2.4118625793354584,1
21,104563.5,0.5799935477380009,78338.5,0.3988780975341797,100.52083969116211,124.61290025125815,103337.0,0.014073410875880654,2.34385574685197,1
21,106319.5,0.5785061961906239,103984.5,0.4055767059326172,104.76104736328125,125.45592864821121,107696.0,0.013754416866959218,2.2376372370182653,1
16,103320.5,0.584006902323821,78376.0,0.3941364288330078,99.45568084716797,124.37751470122764,102242.0,0.014963749662911141,3.156807527001069,1
19,105589.0,0.5728299475744547,78471.5,0.4027900695800781,101.64339065551758,124.85065379567226,104491.0,0.014223764172584197,2.784498621838707,1
20,106430.0,0.6083137787692546,78540.5,0.40599822998046875,103.16768646240234,125.15665590733894,106058.0,0.014341140695250942,2.686235771357031,1
17,106637.5,0.6262340573664825,80063.0,0.40678977966308594,103.33791732788086,125.18963120380884,106233.0,0.014043435506664537,2.2489170350051095,1
19,107013.5,0.5822585475794781,78641.5,0.40822410583496094,104.03732299804688,125.32259488177708,106952.0,0.013905021988648514,2.5744146178740217,1
17,107269.5,0.5821697913493964,80336.0,0.40920066833496094,104.48381423950195,125.40536349390418,107411.0,0.01386240582633036,2.1702773273311005,1
16,107375.0,0.5489200098166671,79723.0,0.4096031188964844,104.55482482910156,125.41837559296,107484.0,0.013589664607934537,2.4690660430134908,1
21,106439.5,0.5864160802932743,79889.5,0.4060344696044922,103.38655471801758,125.19900860882576,106283.0,0.014201483972101414,2.105446657267345,1
22,105937.0,0.6236274597921632,79718.0,0.4041175842285156,102.48676300048828,125.02234990115271,105358.0,0.013802970041979279,1.9893249894535665,1
23,106238.0,0.5791628204591541,78900.0,0.40526580810546875,103.12294006347656,125.1479482406769,106012.0,0.014114241622337431,2.3881068688228493,1
35,89649.5,0.6439612434283069,83352.0,0.34198570251464844,73.57086181640625,115.53310371826272,75632.0,0.014839587612186733,2.4231007361557153,1
20,106129.0,0.5573658923692102,78989.5,0.4048500061035156,102.73286819458008,125.07133637301932,105611.0,0.014190535575380636,2.6842348407221834,1
25,106016.5,0.5945955263351161,78969.5,0.4044208526611328,102.46049880981445,125.01709235199274,105331.0,0.014445624589825456,2.227476300000351,1
24,105970.5,0.5613100623256878,79009.0,0.40424537658691406,102.76107788085938,125.07691926324014,105640.0,0.01453325032889552,2.2683550718812433,1
19,106576.5,0.5024634614598884,79080.5,0.4065570831298828,103.39141845703125,125.19994527149773,106288.0,0.014331950463201792,2.7735381298117385,1
21,106822.0,0.5307784776240435,79099.0,0.40749359130859375,103.70853424072266,125.26059299326798,106614.0,0.013998491705478955,2.4511815425548527,1
21,106461.0,0.5530934277910249,79100.0,0.4061164855957031,102.81944274902344,125.08844908216453,105700.0,0.01340646611788543,2.2800667286778205,1
25,105925.0,0.5737092368462265,78921.0,0.4040718078613281,102.48092651367188,125.02118205282541,105352.0,0.015113018541342171,2.3286263283525632,1
21,106326.5,0.5324103988244441,78915.0,0.40560340881347656,102.44007110595703,125.01299917938738,105310.0,0.014339897483750974,2.547358800304705,1
20,106671.0,0.5120446526301784,79372.0,0.4069175720214844,102.98189163208008,125.12039147180975,105867.0,0.014340280877604528,2.5364002502041454,1
23,107864.5,0.5852237736153709,81011.0,0.4114704132080078,103.11126708984375,125.14567394455575,106000.0,0.014103610833899438,2.3240299432379055,1
20,101391.5,0.6224421779366344,74318.0,0.3867778778076172,99.23389434814453,124.32729897845503,102014.0,0.012347804243745486,1.9370762827900634,1
27,104813.5,0.6175077485563368,75296.5,0.39983177185058594,103.03733825683594,125.1312438219949,105924.0,0.013624174961023527,1.9918480427706626,1
20,107924.0,0.5933229030701211,81145.0,0.4116973876953125,103.1326675415039,125.14984262418041,106022.0,0.013457029292112566,2.3690598196334354,1
21,107420.0,0.6221634911602368,81126.0,0.4097747802734375,102.49551773071289,125.02410114231932,105367.0,0.013653542345309688,2.3375460990242125,1
22,107241.0,0.587943785461089,81111.0,0.4090919494628906,101.98385238647461,124.92067967700451,104841.0,0.014023997890944884,2.404020086693046,1
20,105574.5,0.5859895460132615,80040.5,0.40273475646972656,101.89727783203125,124.90296480704451,104752.0,0.015740863478640676,2.668688298329664,1
21,106138.0,0.5902624773345174,81139.5,0.40488433837890625,101.14145278930664,124.74564917840476,103975.0,0.014339738669150393,2.5076833396673193,1
18,106870.5,0.4982684831593086,80205.5,0.40767860412597656,102.9741096496582,125.11886629330925,105859.0,0.014504041754662467,2.624306606541933,1
23,104412.0,0.6070223634937653,80053.0,0.3983001708984375,100.62103271484375,124.63455025667442,103440.0,0.014854835097139585,2.258562845875657,1
20,107879.0,0.5351416842009274,80390.5,0.4115257263183594,105.14236450195312,125.52444437214798,108088.0,0.013562980990172946,2.527572947676636,1
16,104216.5,0.5660567139189505,80154.5,0.3975543975830078,100.51111221313477,124.61079381830446,103327.0,0.014612929075610737,2.756571948409583,1
16,105869.5,0.5465184250096938,80288.0,0.40386009216308594,102.20661163330078,124.96597338848413,105070.0,0.013831253019816359,2.670713706738952,1
31,88815.0,0.6426983581859279,83214.5,0.3388023376464844,73.74303817749023,115.6133169475438,75809.0,0.014544818027843576,2.5504210643142606,1
3,116916.5,0.45771427422566785,116745.0,0.4460010528564453,109.50416564941406,126.22361088966782,112572.0,0.010638277653924888,2.934668255441285,1
5,91518.0,0.3670085221338159,86074.5,0.44615287114811797,112.72475100791218,126.64099658965814,90678.0,0.0168415179262597,15.50503804429169,1
22,104606.0,0.5973099388454458,75895.5,0.39904022216796875,102.56263732910156,125.0375061452366,105436.0,0.013639367965424753,1.9290202330569173,1
29,81011.0,0.5945501840681379,76093.5,0.3090324401855469,73.56307983398438,115.52947088515924,75624.0,0.015800786987256288,2.7764137281475696,1
22,104051.0,0.5892973061647175,75296.5,0.3969230651855469,101.74844741821289,124.87236499573251,104599.0,0.013602754576822917,2.2861068854797164,1
29,85914.0,0.6241383471536731,81884.0,0.32773590087890625,73.71482849121094,115.60019604555238,75780.0,0.01266080676123238,2.5486180907705163,1
2,125347.0,0.46733037697094554,122719.0,0.4781608581542969,113.71810913085938,126.75294664847479,116904.0,0.007627745298577793,7.1669924179541376,1
22,85110.0,0.6630553906245689,81730.5,0.32466888427734375,73.92202377319336,115.69637186809159,75993.0,0.011367961275936977,2.663290029263763,1
3,125743.0,0.6142841006393273,105300.5,0.4796714782714844,112.03039169311523,126.55805473707136,115169.0,0.009243248652637703,2.4242239747740997,1
14,85324.0,0.6189730536921284,82259.5,0.3254852294921875,74.66714859008789,116.03852727391079,76759.0,0.010263999442940985,3.429386255176465,1
16,103946.0,0.6350884128548532,101694.5,0.39652252197265625,69.98823165893555,113.79211968446553,71949.0,0.015087907060660655,3.2986250490026827,1
14,103510.0,0.5784543217205569,76269.5,0.39485931396484375,100.43329238891602,124.59391373215658,103247.0,0.012160163794305845,2.085145491708027,1
12,83916.0,0.6201897769417997,80974.5,0.3201141357421875,73.32281112670898,115.41699270812657,75377.0,0.009432620035568107,3.7301994014899957,1
15,103535.0,0.5982551965590973,76498.0,0.3949546813964844,100.09185791015625,124.5192505084372,102896.0,0.011894126374500047,1.9591925061608708,1
10,82649.0,0.5308657530783414,79648.0,0.3152809143066406,72.4317741394043,114.99452378511948,74461.0,0.010010471254645381,4.479412253962254,1
19,101272.5,0.6269743776913773,75813.0,0.3863239288330078,96.41973495483398,123.65381969321538,99121.0,0.01267171661811517,2.0954454951594625,1
11,81086.0,0.5080009616562232,78114.0,0.30931854248046875,71.4045524597168,114.49694653245267,73405.0,0.011231267391394795,4.38819427064709,1
20,104333.0,0.6089740847772569,77048.5,0.3979988098144531,100.70955276489258,124.65360779753995,103531.0,0.01266979963202175,1.9441732791881712,1
14,79798.0,0.5884358470134669,77546.5,0.30440521240234375,69.86177444458008,113.72811857593763,71819.0,0.010177775724059757,3.340768885273783,1
21,103253.5,0.6061370517883203,76769.0,0.39388084411621094,98.09286117553711,124.06236410031349,100841.0,0.013107994137953938,2.0303579921337187,1
14,74643.5,0.6324695935087501,72680.5,0.2847423553466797,68.40848922729492,112.97983605316159,70325.0,0.01155086938479144,3.2088710126585016,1
20,100354.0,0.6325026319540074,73873.0,0.38282012939453125,97.93527603149414,124.02490514677301,100679.0,0.012503168928560626,1.9209706776363433,1
20,104618.5,0.545996299988715,77085.0,0.39908790588378906,100.62686920166016,124.6358088235292,103446.0,0.012972516234185605,2.192405197747688,1
13,73059.5,0.6244954513911403,71206.5,0.2786998748779297,66.57583236694336,112.00221336303673,68441.0,0.011563285590455052,3.438320494440118,1
16,104765.5,0.5673285264980452,77279.0,0.39964866638183594,100.85060119628906,124.68383834082415,103676.0,0.012686526223205874,2.2872443130115085,1
9,72119.5,0.5489253629579743,70134.5,0.2751140594482422,64.90367889404297,111.07632773908182,66722.0,0.010766892953142815,4.494454021548899,1
16,103034.0,0.6171331457278241,76935.0,0.39304351806640625,97.19793319702148,123.846819690567,99921.0,0.011995701901923894,1.9934474909141144,1
6,71540.0,0.4104882097047102,69674.0,0.2729034423828125,64.00972366333008,110.5677837830409,65803.0,0.010673423244497826,6.240117452232508,1
13,104671.5,0.5420900023228223,77702.5,0.3992900848388672,100.3875732421875,124.58397294717427,103200.0,0.011910628372788779,2.201229295978441,1
5,76611.5,0.4381615117801164,74640.5,0.2922496795654297,63.29572677612305,110.15471528624522,65069.0,0.00812052298533672,6.600346802741134,1
17,107447.5,0.5322974499801614,78221.0,0.4098796844482422,103.44589233398438,125.21042250704103,106344.0,0.012936987247940124,2.172109589505918,1
9,76541.5,0.5479980736860339,74270.0,0.29198265075683594,62.650794982910156,109.77627525404317,64406.0,0.008176546740742197,4.279596531171425,1
18,104495.5,0.6481249980988193,102062.5,0.3986186981201172,70.99113464355469,114.29347372499943,72980.0,0.01566505726577816,3.07773531497569,1
22,107460.5,0.5691848892948161,77897.5,0.4099292755126953,103.26496124267578,125.17552834492449,106158.0,0.01394993854501081,1.9945370850515844,1
8,77042.5,0.5332661646020416,74960.5,0.29389381408691406,62.97569274902344,109.96755782403088,64740.0,0.008353331813395926,4.627865937871333,1
20,115222.5,0.5820787755214978,111657.0,0.43953895568847656,110.38450241088867,126.34599218921474,113477.0,0.014357007459693705,2.453755874715134,1
12,77625.5,0.5774745975280654,75274.5,0.29611778259277344,63.600196838378906,110.33161448971042,65382.0,0.008973706174401741,3.631703775680269,1
20,114092.0,0.545278780308027,110413.5,0.4352264404296875,109.18024063110352,126.17700431007908,112239.0,0.014706267208566715,2.387858944074138,1
9,78882.5,0.548483127673494,76396.0,0.30091285705566406,64.83558654785156,111.03792724424478,66652.0,0.009041828522185824,4.8079600973945,1
21,113636.5,0.5542476923377881,110176.5,0.4334888458251953,108.2036018371582,126.0313414113373,111235.0,0.013902628586492938,2.240822682323511,1
8,80336.0,0.5406370261718616,78106.0,0.30645751953125,66.00288391113281,111.68865077863727,67852.0,0.009315018915003748,4.67258423761856,1
23,107286.0,0.588725423702389,77792.5,0.40926361083984375,101.97704315185547,124.91928863761494,104834.0,0.013314595772953908,1.9203751106801878,1
7,81286.0,0.5184571808512757,78863.5,0.31008148193359375,66.76454544067383,112.104658955246,68635.0,0.009416819046236924,5.214111576792573,1
18,100746.0,0.6083242179707321,73983.0,0.38431549072265625,98.5228157043457,124.16349217985001,101283.0,0.01251711872373562,2.117508742186634,1
18,107948.0,0.5544668637026426,106223.5,0.4117889404296875,102.4390983581543,125.01280417980281,105309.0,0.013187289462621266,2.057500748917943,1
6,81753.0,0.42481296440538513,79140.5,0.3118629455566406,67.59235382080078,112.54920670208155,69486.0,0.010142471339804615,5.977560203701057,1
23,108416.0,0.6435503162072805,106750.5,0.41357421875,102.77469635009766,125.07961208534397,105654.0,0.013172030677651492,1.7454789954959196,1
6,83575.5,0.49583472992318195,80765.5,0.3188152313232422,69.06412124633789,113.32033389593984,70999.0,0.00873895312042805,5.887920756416466,1
20,109135.0,0.5947833525508675,79059.5,0.4163169860839844,103.1949234008789,125.16194809729855,106086.0,0.013021518574987567,1.8730603230244565,1
11,83240.0,0.5947659869438934,80290.0,0.317535400390625,68.9736557006836,113.27363781108946,70906.0,0.009201344793382304,3.8483960067841307,1
20,110818.0,0.6207054944799653,109040.0,0.42273712158203125,104.2445182800293,125.36120839387317,107165.0,0.012108833817364939,1.782280088350347,1
10,83272.5,0.5280317604135207,80395.5,0.3176593780517578,69.62831497192383,113.60949815931384,71579.0,0.00930799751131417,4.215036306620683,1
18,107076.0,0.5767562220044952,78167.5,0.4084625244140625,100.89340209960938,124.69297874446231,103720.0,0.01245802777202698,1.9449928364826812,1
19,83705.0,0.6637766728698826,80848.0,0.3193092346191406,70.42985916137695,114.01424921762947,72403.0,0.009916114477618976,2.778270023986081,1
20,104342.0,0.636378957634973,101721.0,0.39803314208984375,71.1924934387207,114.39280879868052,73187.0,0.01570859903267774,2.9429503029387973,1
21,106944.0,0.618498200108532,78043.0,0.407958984375,100.68231582641602,124.64775094467565,103503.0,0.012660319041515322,1.8535454972672463,1
13,83189.0,0.59944214965279,80667.0,0.3173408508300781,71.10300064086914,114.34871430534838,73095.0,0.01066411275178325,3.504574726789608,1
12,111604.0,0.4825208551138897,109642.5,0.4257354736328125,105.10929107666016,125.51854904320027,108054.0,0.012209100361815217,2.590567492826009,1
14,84862.5,0.6420328062838072,82655.5,0.32372474670410156,72.0893669128418,114.82992528465878,74109.0,0.009922051472585736,3.0888544675166054,1
16,105524.0,0.6026969291008889,77457.0,0.4025421142578125,99.3321418762207,124.34959496805217,102115.0,0.011869162387938559,1.8766031635092537,1
16,83954.0,0.5887835553369452,81307.5,0.32025909423828125,70.97265243530273,114.28433391020795,72961.0,0.010738013292666437,3.1255331162747977,1
14,105405.0,0.6040050612681067,77585.0,0.4020881652832031,99.16580200195312,124.31179840951332,101944.0,0.011204227635516872,1.8875668464760644,1
12,84723.5,0.5984299345456918,82572.0,0.3231945037841797,71.82283401489258,114.70092932433803,73835.0,0.010175130493280449,3.573756560184259,1
13,104843.0,0.6059461271684436,77371.0,0.3999443054199219,98.6074447631836,124.18321243987656,101370.0,0.011143192484269093,1.8680675802103015,1
15,83960.5,0.6034143587363696,80688.5,0.3202838897705078,70.90164184570312,114.24918316661146,72888.0,0.010711356926549342,3.154215167521158,1
3,144678.0,0.30755991053970805,139980.5,0.5519027709960938,116.69471740722656,127.04131559492883,119964.0,0.012648762652133883,20.456141196159994,0
3,145173.0,0.30853312497702373,140532.5,0.5537910461425781,115.96904754638672,126.97750641555578,119218.0,0.012640591047329508,20.65075498590936,0
10,135013.0,0.7438082906003844,134798.5,0.5150337219238281,119.49525833129883,127.24847390368714,122843.0,0.008345450590240944,1.3939021406148098,0
11,134686.0,0.7370260316432128,134434.0,0.5137863159179688,118.97775650024414,127.21486299065396,122311.0,0.00845095311433397,1.402956461517311,0
11,138649.0,0.708712858964311,138325.5,0.5289039611816406,125.96208572387695,127.49072444566029,129491.0,0.009634911285502312,1.5024784944798002,0
10,135270.0,0.7018604046609705,135008.5,0.5160140991210938,120.11489868164062,127.28593904480402,123480.0,0.008832422845443944,1.517446910941312,0
12,135310.0,0.7341394420587455,135006.0,0.5161666870117188,119.22483444213867,127.23117399045712,122565.0,0.008461967299808748,1.4037871651696738,0
21,135575.0,0.7481958824103291,134934.0,0.5171775817871094,118.50597381591797,127.18237886201078,121826.0,0.009081032665562816,1.364273767126487,0
15,132301.0,0.7126295088231416,131587.5,0.5046882629394531,114.90972518920898,126.87684966213793,118129.0,0.009807227159853937,1.6800508229997297,0
10,134734.0,0.7355641491977303,134445.5,0.5139694213867188,119.31432723999023,127.23696303144783,122657.0,0.010026721429767349,1.4982059596760782,0
6,138766.5,0.6551444983446472,138590.5,0.5293521881103516,123.84635925292969,127.44763987336661,127316.0,0.008413507152909006,1.6724728574001053,0
5,139507.5,0.6866921736639527,139419.0,0.5321788787841797,125.52921295166016,127.48476771132344,129046.0,0.00880183947583646,1.6074513460033768,0
3,145204.5,0.30911024680063065,140579.0,0.5539112091064453,115.61983108520508,126.94530943109291,118859.0,0.012635196264454862,20.721029314555196,0
11,138387.5,0.7463700678899112,138114.0,0.5279064178466797,123.13528060913086,127.42526917624681,126585.0,0.009185160407014337,1.4124103433801567,0
12,138188.5,0.7313065507712727,137911.5,0.5271472930908203,122.45630264282227,127.40020061589065,125887.0,0.009469299209285964,1.4463030578430305,0
25,128936.0,0.675721637897784,127985.0,0.491851806640625,116.36787414550781,127.01309292336656,119628.0,0.013758990392489068,1.6955819837904769,0
25,128329.0,0.7228209405405857,127536.5,0.4895362854003906,116.43888473510742,127.01929668005862,119701.0,0.014771399481105618,1.5845190761244679,0
16,129712.0,0.7126437645802626,129156.0,0.49481201171875,117.6295280456543,127.11736224213617,120925.0,0.01296837594554745,1.671688774493542,0
8,141980.5,0.5829297959218311,141551.5,0.5416126251220703,129.50483322143555,127.48423684422406,133133.0,0.009790818179681082,2.0309760145797955,0
20,135935.0,0.6789137782992497,134918.0,0.5185508728027344,122.93197631835938,127.41814297675182,126376.0,0.011903103299118811,1.6448694070484837,0
9,143904.0,0.7188174296136829,143729.0,0.5489501953125,132.25479125976562,127.41131017329684,135960.0,0.008970836353000777,1.4667763933885716,0
20,139750.0,0.7472745061922705,139154.0,0.5331039428710938,124.09343719482422,127.45448336506014,127570.0,0.00960854529603239,1.373500147316491,0
6,142616.0,0.7176396099066621,142514.5,0.544036865234375,130.00871658325195,127.47531659542919,133651.0,0.008883845831860526,1.5222369757115486,0
3,145418.0,0.3086683212497457,140716.5,0.5547256469726562,117.35034942626953,127.09537597108391,120638.0,0.012652689641072357,20.43726284617281,0
10,142658.0,0.722131998666471,142366.5,0.5441970825195312,129.8151397705078,127.47897916065618,133452.0,0.009110016652357444,1.4507614412678735,0
31,127981.0,0.7059833746986068,126706.5,0.4882087707519531,116.05464935302734,126.98525090957548,119306.0,0.014508073074466665,1.5709030093154897,0
11,143755.0,0.7211768140295043,143450.5,0.5483818054199219,131.422119140625,127.43966015902092,135104.0,0.009542591759782226,1.4699708525882726,0
15,140375.5,0.7299510287646628,139957.0,0.5354900360107422,128.2898712158203,127.49755332343605,131884.0,0.01134338069414298,1.5006938006355957,0
10,140887.5,0.7304486654806979,140653.0,0.5374431610107422,128.433837890625,127.49658013764147,132032.0,0.011168896009621676,1.5733681293996276,0
31,128203.0,0.6459961751264214,126248.5,0.4890556335449219,115.06633758544922,126.89229306368841,118290.0,0.014761825866116851,1.861305630271069,0
11,144211.5,0.7138358283336532,143932.0,0.5501232147216797,132.2509002685547,127.41145531952081,135956.0,0.010060689579859172,1.508610070049019,0
32,130543.5,0.696922919517191,128852.5,0.4979839324951172,117.32213973999023,127.09312003616759,120609.0,0.01392189145735756,1.584554224971494,0
27,138715.0,0.6619857479307759,137353.5,0.5291557312011719,127.40175247192383,127.49996214675208,130971.0,0.014417960910577676,1.789212192322279,0
21,139415.5,0.6928156228204463,138627.0,0.5318279266357422,130.48341751098633,127.46509020102377,134139.0,0.015983098429842357,1.7925044778056949,0
3,145462.0,0.3090385966663948,140781.5,0.5548934936523438,117.03420639038086,127.06973346993706,120313.0,0.012649529443933716,20.52400478586817,0
33,134063.5,0.66895888107649,132002.5,0.5114116668701172,125.24808883666992,127.4801117669437,128757.0,0.01619487027573996,1.7598414281678318,0
19,140742.0,0.6702181543261068,139927.5,0.5368881225585938,133.10789108276367,127.3766130716461,136837.0,0.015979330245500023,1.895025245494655,0
41,125561.0,0.7344784973726629,124327.5,0.4789772033691406,115.38150787353516,126.9227802586313,118614.0,0.01451736762874134,1.4568314147057273,0
19,143794.0,0.6604713703189514,141985.0,0.5485305786132812,133.67403030395508,127.35042736404866,137419.0,0.01343092642719057,2.0722059181964885,0
44,131803.5,0.6642572223859604,129532.5,0.5027904510498047,124.43876266479492,127.46324500018636,127925.0,0.017298963673056278,1.743794975899911,0
34,124169.0,0.7188973805452222,123017.5,0.4736671447753906,114.60233688354492,126.84597071304403,117813.0,0.013994641808494634,1.51230449357542,0
26,136673.5,0.6387813826052056,135142.0,0.5213680267333984,130.52719116210938,127.46405812490063,134184.0,0.015924139066555654,1.8800992035900137,0
37,126049.5,0.7372807626468901,124928.0,0.48084068298339844,117.89897918701172,127.13799746475704,121202.0,0.013924734044394427,1.4667623728235977,0
38,132693.0,0.6683985617703548,130544.5,0.5061836242675781,127.08269119262695,127.49931707016817,130643.0,0.016137827899910917,1.7422452296290745,0
43,133523.5,0.6946604697550796,131529.5,0.5093517303466797,128.1167221069336,127.49850843771789,131706.0,0.01730537708999691,1.6231621768904074,0
3,145611.5,0.3091799177497659,140873.0,0.5554637908935547,118.71414184570312,127.1969288013377,122040.0,0.012662553645895969,20.343114168512667,0
42,126600.0,0.691010454916738,124624.5,0.482940673828125,119.37463760375977,127.24082869083239,122719.0,0.01629041578507895,1.6675856281759596,0
38,125286.5,0.6999707197014094,123759.0,0.47793006896972656,117.61590957641602,127.11630405458776,120911.0,0.01531391907201396,1.5704361196115677,0
45,129913.0,0.7014300739180735,127736.0,0.4955787658691406,124.3278694152832,127.46053345076464,127811.0,0.01726336890760649,1.626421282723327,0
29,136255.5,0.6470854724319157,134454.0,0.5197734832763672,130.81707000732422,127.45684385927069,134482.0,0.017031036499702168,1.9147176002793265,0
42,133994.5,0.6932467419297128,131925.5,0.5111484527587891,128.97565841674805,127.49146023258604,132589.0,0.01819364007224067,1.670130506645319,0
31,124180.5,0.7064000623824878,123076.5,0.4737110137939453,117.11105346679688,127.07603940133737,120392.0,0.01431469297494914,1.5591715999625355,0
37,128247.0,0.6709424293987715,126529.0,0.4892234802246094,121.72771453857422,127.36926913722876,125138.0,0.015578488694245607,1.6851699977725711,0
49,126817.0,0.7169930266500273,124925.5,0.4837684631347656,120.4932975769043,127.30732940861722,123869.0,0.01653848340629338,1.5329682220352887,0
35,126923.5,0.6884782201395586,125497.0,0.4841747283935547,120.64699172973633,127.31569533112439,124027.0,0.01620294885333351,1.734970575826657,0
46,127024.5,0.7087122977876801,124982.5,0.4845600128173828,120.93687057495117,127.33096768716574,124325.0,0.0160290063672619,1.5437079782684422,0
3,145694.5,0.30930987345732963,140987.0,0.5557804107666016,118.846435546875,127.20599758759651,122176.0,0.01265492423726755,20.431931476034435,0
49,127243.5,0.7003211588983818,125174.5,0.4853954315185547,121.43102645874023,127.35547715020142,124833.0,0.01671967188758572,1.5701404798720118,0
51,123585.5,0.7415037338264545,121965.0,0.47144126892089844,116.80171966552734,127.05037110486941,120074.0,0.015424882180468558,1.458300949779556,0
57,125454.0,0.70887672616588,123239.5,0.47856903076171875,118.58379364013672,127.1878581632238,121906.0,0.016799509427073644,1.5615843770313775,0
36,139873.5,0.5963438145491724,136625.5,0.5335750579833984,134.14775848388672,127.3265773793512,137906.0,0.01968385843474607,2.1110626629374982,0
51,125100.5,0.7255366430594324,123307.0,0.4772205352783203,117.6664924621582,127.1202270667544,120963.0,0.016183763068511325,1.492835867254124,0
46,127144.5,0.7296873341924549,125455.5,0.4850177764892578,119.74039077758789,127.2636572817057,123095.0,0.015910638455807202,1.4702448888728221,0
42,127391.5,0.6965298090529995,125581.0,0.4859600067138672,120.22676467895508,127.29238016458288,123595.0,0.016098755319944758,1.595146538769146,0
46,125965.5,0.7352337338066165,124264.5,0.48052024841308594,118.14411163330078,127.1562713863137,121454.0,0.01582017012697179,1.472790015786938,0
39,122951.5,0.7239848615531473,121433.0,0.4690227508544922,113.38542938232422,126.71633239751948,116562.0,0.014819859626641119,1.4941070864434967,0
36,124189.0,0.6643212851685282,122287.0,0.4737434387207031,115.41263580322266,126.9257484782913,118646.0,0.015729542993994983,1.701896884217043,0
3,145602.5,0.30881546104633734,140984.0,0.5554294586181641,117.47291564941406,127.10510445857882,120764.0,0.012645443643577892,20.757259388144007,0
51,133302.0,0.6719574606951465,130446.5,0.5085067749023438,127.46498107910156,127.49999519088297,131036.0,0.021193870559727657,1.783647967972376,0
44,133878.0,0.6557067631367278,131338.0,0.5107040405273438,128.14006805419922,127.49839337374411,131730.0,0.019440868001311173,1.8089862427756593,0
35,139409.5,0.6631851807999186,137150.5,0.5318050384521484,134.33841705322266,127.31647989245616,138102.0,0.019129530631289526,1.76582925385424,0
34,139263.5,0.6967498211060373,137520.5,0.5312480926513672,133.86566162109375,127.34099242634217,137616.0,0.01835864416716504,1.689135230268926,0
45,124664.0,0.6830636649744181,122436.5,0.475555419921875,115.87469100952148,126.96890245597892,119121.0,0.015657176041258936,1.614504407835158,0
56,133076.5,0.6444679419878738,129521.5,0.5076465606689453,126.98444366455078,127.49895764932738,130542.0,0.020321249764947424,1.8776973627115754,0
44,137486.0,0.6538922866779657,135304.5,0.5244674682617188,131.75188064575195,127.42908424286139,135443.0,0.02049381746837753,1.838606549505267,0
34,140440.0,0.6815645673912307,138361.5,0.535736083984375,133.79756927490234,127.34437805112483,137546.0,0.019100256265119242,1.895811723441479,0
41,122813.5,0.6735884365465227,120391.5,0.46849632263183594,112.04109191894531,126.55936220185966,115180.0,0.016327730180819344,1.6831073932454224,0
36,122175.5,0.6595311571793296,119629.5,0.4660625457763672,111.34071350097656,126.47184453404037,114460.0,0.015783107563493104,1.7981250919035725,0
3,145573.0,0.30881938852209495,141021.5,0.5553169250488281,116.4242935180664,127.01802520085901,119686.0,0.012643209048292192,21.051784018971443,0
38,133832.0,0.728290296115727,132282.5,0.510528564453125,125.55742263793945,127.48520068302986,129075.0,0.018647410966423195,1.6513184175996767,0
33,126866.0,0.6668099037338556,124260.0,0.48395538330078125,115.58675765991211,126.94220991044045,118825.0,0.016101625145438447,1.8988976014101278,0
27,143928.5,0.6448853288693397,141856.5,0.5490436553955078,134.3705177307129,127.31475164375865,138135.0,0.015717154033609404,1.946282230288333,0
33,139861.5,0.6660578939447531,138044.5,0.5335292816162109,127.9727554321289,127.49912353542432,131558.0,0.015835521939152386,1.8322397933021422,0
36,141182.0,0.6948265422352756,139686.5,0.5385665893554688,128.86573791503906,127.49268512329414,132476.0,0.01576430517980043,1.6255782930910858,0
67,129378.0,0.7245083615101244,126511.5,0.49353790283203125,121.09640121459961,127.33909031635025,124489.0,0.02300800130069547,1.5979287986072217,0
61,126007.5,0.6820567757080865,122132.5,0.4806804656982422,116.20542526245117,126.99875031470944,119461.0,0.019999730786366854,1.8208463975473386,0
35,136568.5,0.6876865729194275,134533.0,0.5209674835205078,128.8044548034668,127.49332687503961,132413.0,0.020165687718872505,1.8542820790045376,0
24,142942.5,0.5992817230341504,140408.0,0.5452823638916016,131.2548065185547,127.44469948965401,134932.0,0.016513771255631582,2.2287641631659008,0
17,147059.0,0.7201766111218043,146593.0,0.5609855651855469,137.05724716186523,127.14129552071981,140897.0,0.015163751824729843,1.6843170302373327,0
3,145634.5,0.30866291089318826,141096.0,0.5555515289306641,117.08576202392578,127.07396919659703,120366.0,0.012628333656266477,21.00212636055131,0
34,137329.5,0.6513938869806633,134737.0,0.5238704681396484,130.3948974609375,127.46713132682738,134048.0,0.01923056395844469,2.003014783275649,0
51,124936.5,0.7038959275942732,122408.0,0.4765949249267578,116.43888473510742,127.01929668005862,119701.0,0.017430289985895797,1.586877394127238,0
23,143848.0,0.716338866995347,143078.5,0.548736572265625,136.67884826660156,127.16917371949346,140508.0,0.01783815294447777,1.7211343058541575,0
48,122054.0,0.700269343788554,119973.0,0.46559906005859375,112.1169662475586,126.56860697886837,115258.0,0.015943932836307795,1.6100646618582308,0
51,120132.0,0.710709828593502,117946.0,0.4582672119140625,109.71525192260742,126.25352563720219,112789.0,0.015232772534091055,1.5173238393075235,0
57,123132.0,0.6818050591672589,120236.5,0.4697113037109375,113.27648162841797,126.70414959713541,116450.0,0.017195695743794204,1.6661076763589147,0
59,131719.0,0.6591969233866383,126775.0,0.5024681091308594,125.30742645263672,127.4811461402799,128818.0,0.021750274162968708,1.9601906099903321,0
66,123166.0,0.6870593336914756,120180.0,0.46984100341796875,113.24827194213867,126.70097966221397,116421.0,0.01830435135298103,1.6618682932668019,0
26,139981.5,0.6249891776863596,137047.0,0.5339870452880859,133.80632400512695,127.34394480124426,137555.0,0.02103237151141002,2.3315609038648164,0
63,128821.5,0.6453519383107408,124423.0,0.49141502380371094,120.61878204345703,127.31417375702735,123998.0,0.02049934383148866,1.8857745457047315,0
3,145561.5,0.30827657670396835,141110.0,0.5552730560302734,115.79687118530273,126.9617532012952,119041.0,0.012628333659904456,21.404888924654372,0
39,138882.0,0.7176885614849036,137352.5,0.5297927856445312,132.59719848632812,127.39807128677802,136312.0,0.02291261459913585,1.7426095674890756,0
48,135878.5,0.673116411372125,131731.5,0.5183353424072266,128.6546516418457,127.49477157744928,132259.0,0.02236304635880515,1.8840734071188223,0
45,135771.5,0.6588368325196992,132006.5,0.5179271697998047,128.4085464477539,127.4967628740129,132006.0,0.021992815412886557,1.9319481417085305,0
38,139471.5,0.668278511079849,137537.5,0.5320415496826172,132.04856872558594,127.41883896248868,135748.0,0.021181481594339857,1.8633690408288468,0
54,128549.0,0.6740769760533757,124821.0,0.4903755187988281,118.74137878417969,127.1988072050905,122068.0,0.020745269874169026,1.810063727921056,0
14,151204.0,0.7462544088378665,150886.5,0.5767974853515625,135.82769393920898,127.22774663435193,139633.0,0.011101699261871545,1.4528387063585977,0
41,134847.0,0.720726157366057,133280.5,0.5144004821777344,126.01655960083008,127.49136992197589,129547.0,0.0208342976370659,1.6462328829566826,0
17,146036.5,0.7082199979545913,145325.5,0.5570850372314453,132.9755973815918,127.38236861243668,136701.0,0.014717385734456911,1.6956098246378166,0
49,125664.5,0.6378391120965797,120321.5,0.4793720245361328,114.7317123413086,126.85905892077596,117946.0,0.021120353417700244,2.073644996941545,0
36,137966.5,0.6946998599147638,136428.5,0.5263004302978516,129.05542373657227,127.49051202736499,132671.0,0.020240672668933257,1.7584625158057803,0
3,144678.0,0.3075228615719024,140012.5,0.5519027709960938,115.62274932861328,126.94558250088517,118862.0,0.012641133259421622,20.548749950760673,0
3,145761.0,0.30872105047315074,141256.5,0.5560340881347656,117.13050842285156,127.0776284183469,120412.0,0.012629259250843461,21.161374080592463,0
51,131296.0,0.6876924240046972,127608.5,0.5008544921875,120.16645431518555,127.28891981507553,123533.0,0.020413503506460984,1.7458024693335328,0
54,124999.0,0.6180069186398349,118859.5,0.4768333435058594,114.34358596801758,126.81939429684658,117547.0,0.022083984750224772,2.17765605342699,0
30,137334.0,0.6776476691956891,135767.5,0.5238876342773438,126.86868667602539,127.49843702370221,130423.0,0.018236957254885056,1.7409067897630235,0
66,121229.0,0.6501023057443018,115932.0,0.4624519348144531,107.94485092163086,125.99145266454684,110969.0,0.019971672393694462,1.8154999025470508,0
52,125235.0,0.6689556191325217,118197.0,0.4777336120605469,113.87472152709961,126.76987728374556,117065.0,0.02127210872595242,2.07481657957726,0
36,136885.5,0.6994624944513416,135246.5,0.5221767425537109,125.6294059753418,127.4862772144316,129149.0,0.019451591812867264,1.7289319214012222,0
55,124829.0,0.6418328876081673,116687.0,0.4761848449707031,113.4554672241211,126.72411411845522,116634.0,0.023051701872191188,2.0688895025473353,0
2,153006.5,0.5797078113539323,152990.5,0.5836734771728516,142.42778778076172,126.62310670636913,146418.0,0.008709744542102271,1.9734557610453831,0
5,152688.5,0.6477332443808475,152540.0,0.5824604034423828,141.8694305419922,126.6876847444094,145844.0,0.008799988281680271,1.6876130479652762,0
21,145687.0,0.717693566031212,144967.0,0.5557518005371094,134.0339469909668,127.33246850948592,137789.0,0.01564101889516678,1.6607478562144673,0
3,145854.5,0.3092549016705544,141339.0,0.5563907623291016,117.08187103271484,127.07365025378398,120362.0,0.012643592448966956,21.2157573534608,0
23,146867.0,0.7482227138608065,146174.5,0.5602531433105469,126.75390243530273,127.49781699473894,130305.0,0.0113313478859709,1.3937655879636872,0
56,120609.0,0.6707731068602927,114248.0,0.4600868225097656,109.06059265136719,126.15957457375633,112116.0,0.02110177562553872,2.200758871963205,0
31,140389.0,0.7160059416478869,138914.0,0.5355415344238281,127.56614685058594,127.49998284154456,131140.0,0.016049079200911365,1.5816586956552983,0
33,131422.0,0.6755876874405322,127943.0,0.5013351440429688,114.25312042236328,126.80997666372939,117454.0,0.015865880710862257,1.8088528146021325,0
29,134738.5,0.6956150473239915,133249.0,0.5139865875244141,120.98550796508789,127.3334653322804,124375.0,0.015508542377574486,1.6876316285612885,0
32,136293.5,0.6771843269049375,134457.5,0.5199184417724609,124.02826309204102,127.452724736829,127503.0,0.01645937411194609,1.6886252782748814,0
40,125728.0,0.6670766172724909,121216.0,0.4796142578125,117.7287483215332,127.12502759345246,121027.0,0.01944488801427724,1.8742062757076074,0
9,147980.0,0.7324834449143239,147817.0,0.5644989013671875,133.3403778076172,127.36616500100916,137076.0,0.010113262759659847,1.5058923259475376,0
11,145349.0,0.7212023251773461,145119.0,0.5544624328613281,126.60507202148438,127.49685919234744,130152.0,0.010844151044693717,1.538010574014426,0
55,121454.5,0.6542306603948889,114443.5,0.46331214904785156,113.6539077758789,126.74594956100623,116838.0,0.022062246757741377,2.090262639943595,0
3,145689.0,0.3083664029555499,141330.5,0.5557594299316406,114.81147766113281,126.86706192253396,118028.0,0.012628717054667504,21.86129494158331,0
9,146194.0,0.698313508397449,145923.0,0.5576858520507812,128.2869529724121,127.49757136910176,131881.0,0.01098048876701796,1.6293751728681183,0
5,146761.5,0.5835435692907541,146536.5,0.5598506927490234,128.2752799987793,127.49764288379406,131869.0,0.009987648849346442,2.0097525021970193,0
3,146006.0,0.3093956284963254,141510.5,0.5569686889648438,117.01864242553711,127.0684506216875,120297.0,0.01262740805896101,21.199215329728528,0
3,146044.0,0.30893143334960776,141574.5,0.5571136474609375,116.72779083251953,127.04412426260433,119998.0,0.012631877248622914,21.320971639406647,0
3,146154.5,0.30978624939397065,141673.0,0.5575351715087891,116.99237823486328,127.06628146302553,120270.0,0.012623322258605185,21.24030020308035,0
3,146085.0,0.30907556267376557,141708.5,0.5572700500488281,115.56730270385742,126.94038260238,118805.0,0.012630026050374,21.7758815566087,0
3,146171.5,0.3091570610643964,141792.0,0.5576000213623047,115.83967208862305,126.96569124373383,119085.0,0.012630951653591183,21.763615317787792,0
3,146243.5,0.30914495040558615,141867.0,0.5578746795654297,115.5527114868164,126.93901014732528,118790.0,0.012635420846891066,21.79364442195852,0
3,146314.0,0.30905635000445403,141929.5,0.5581436157226562,115.31536102294922,126.91644721232522,118546.0,0.012640815647955606,21.774113160287246,0
3,144741.0,0.30753825751513514,140068.5,0.5521430969238281,115.61107635498047,126.94448981567847,118850.0,0.012642442248761654,20.516610243277185,0
3,146472.0,0.30951884172185457,142048.5,0.558746337890625,115.79687118530273,126.9617532012952,119041.0,0.012634495244583377,21.548830529058986,0
3,146594.0,0.3096596489824615,142149.5,0.5592117309570312,116.08480453491211,126.98796522700025,119337.0,0.012638964445613965,21.47153269440844,0
4,146481.5,0.4284366710298666,142136.0,0.5587825775146484,115.0177001953125,126.88751787148293,118240.0,0.0126304094446823,16.516913526009134,0
3,146713.0,0.3098676952388263,142284.5,0.5596656799316406,116.34841918945312,127.01138628259217,119608.0,0.012635804246656335,21.532324074193934,0
4,146670.5,0.4289960458515232,142313.0,0.5595035552978516,115.87080001831055,126.96854613559164,119117.0,0.012627249248453154,16.47378324359733,0
3,146793.5,0.3093544527032734,142409.0,0.5599727630615234,116.49627685546875,127.02428144633808,119760.0,0.012641199046356633,21.739081837391947,0
4,146700.5,0.42854452046703073,142395.0,0.5596179962158203,116.3814926147461,127.01428578519841,119642.0,0.012636187639600394,16.691968324816642,0
5,146484.0,0.4312658662371117,142375.5,0.5587921142578125,116.2569808959961,127.0033248439859,119514.0,0.012543167106741748,13.64475336951961,0
6,146417.0,0.4002933506206041,142405.5,0.5585365295410156,116.64899826049805,127.03741874443652,119917.0,0.012453690164875297,11.385845830897475,0
11,146031.0,0.5785571052753764,142373.5,0.5570640563964844,116.37954711914062,127.01411546644958,119640.0,0.012133704775351362,6.33035337600679,0
3,144807.0,0.30813750111249893,140129.5,0.5523948669433594,116.2034797668457,126.99857727794404,119459.0,0.012637973064556718,20.50108821601859,0
9,145718.5,0.4878246770037731,142345.0,0.5558719635009766,116.57798767089844,127.03133332640004,119844.0,0.011595785946155956,7.048769844468404,0
16,145127.5,0.561502227833433,142288.0,0.5536174774169922,116.07799530029297,126.98735294760604,119330.0,0.010962453183310572,3.8664293767363964,0
17,144717.5,0.6289282773257141,142275.5,0.5520534515380859,116.10912322998047,126.99014893451472,119362.0,0.010246281472063856,3.263969386110127,0
11,144010.5,0.7011461236823258,142169.5,0.5493564605712891,115.47391891479492,126.93156964968195,118709.0,0.008991582954422483,3.664962846719494,0
5,143642.0,0.5198081174123035,142100.5,0.5479507446289062,115.38150787353516,126.9227802586313,118614.0,0.008347394819793408,6.182609332022497,0
13,143252.0,0.6787557595806822,142017.5,0.5464630126953125,115.43792724609375,126.92815448465117,118672.0,0.008108172568881855,2.6235811434956897,0
7,142782.5,0.5765720392685597,141895.5,0.5446720123291016,115.24921417236328,126.91007937356818,118478.0,0.007274558551671362,3.1591886361075643,0
7,142494.5,0.680825414230912,141764.0,0.5435733795166016,115.37469863891602,126.92212993368368,118607.0,0.0070077543400657305,2.90826337321541,0
6,142266.5,0.6661567230415834,141634.0,0.5427036285400391,115.47975540161133,126.93212248991544,118715.0,0.006822797671247827,3.014377181103606,0
11,141970.0,0.6815335700825093,141525.0,0.5415725708007812,115.57119369506836,126.94074830462995,118809.0,0.0065995352283607644,1.666238086030676,0
3,144939.0,0.30885136378649086,140216.5,0.5528984069824219,118.31336975097656,127.1686117902831,121628.0,0.012634812861506362,20.31235081785343,0
9,141645.5,0.7401163731711288,141409.5,0.5403347015380859,115.4817008972168,126.93230670982085,118717.0,0.006130056356596469,1.3893964961832084,0
4,141360.5,0.7537264801653728,141272.5,0.5392475128173828,115.46905517578125,126.93110874264278,118704.0,0.005702810263301217,1.3407035645233307,0
2,141127.5,0.8250017321046146,141107.5,0.5383586883544922,115.50601959228516,126.93460692017506,118742.0,0.005501285807440581,1.2164625699679599,0
2,141032.0,0.8144914842793709,141008.0,0.537994384765625,115.6995964050293,126.95274898558043,118941.0,0.005504829396613786,1.2345736898021378,0
2,140914.5,0.8241315884592625,140894.5,0.5375461578369141,115.90484619140625,126.97165986217182,119152.0,0.005502594804056571,1.2176031709775381,0
2,140829.0,0.8247338798340265,140809.0,0.5372200012207031,116.17332458496094,126.99589136677749,119428.0,0.0054972000075395044,1.216813191832593,0
2,140711.5,0.8242204972505112,140691.5,0.5367717742919922,116.37468338012695,127.01368953820516,119635.0,0.00549812560348073,1.2174864189774284,0
1,140303.0,0.8751178046977854,140303.0,0.5352134704589844,115.99142074584961,126.97953616055986,119241.0,0.005414585660673765,1.1427032962097503,0
2,140473.5,0.8303784825893885,140457.5,0.5358638763427734,116.84743881225586,127.05421260289387,120121.0,0.005477855422668654,1.2078141203109791,0
1,140417.5,0.8740893219028701,140417.5,0.5356502532958984,117.16066360473633,127.08008546938251,120443.0,0.005419980461283558,1.1440478392105575,0
3,144862.5,0.30805637245387885,140243.0,0.5526065826416016,115.58189392089844,126.94175336542064,118820.0,0.012638356453862798,20.752286061694008,0
1,140293.0,0.8740348803644886,140293.0,0.5351753234863281,117.31922149658203,127.09288630393262,120606.0,0.005417745859631395,1.1441190992091546,0
1,140243.5,0.8560528412405526,140243.5,0.5349864959716797,117.61396408081055,127.1161527651167,120909.0,0.005473386219364329,1.168152188538789,0
1,138996.5,0.5387666652967623,138996.5,0.5302295684814453,116.86203002929688,127.05543512539091,120136.0,0.0068685740357068426,1.8560910769213648,0
1,139671.0,0.6208745292663916,139671.0,0.5328025817871094,118.2832145690918,127.16642979308882,121597.0,0.006413811758193333,1.6106313801945984,0
1,139972.0,0.699547114173984,139972.0,0.5339508056640625,119.25012588500977,127.23281643148046,122591.0,0.006048909813671344,1.4294962837217717,0
3,137791.5,0.6672275363795642,137751.5,0.5256328582763672,117.37564086914062,127.09739317621501,120664.0,0.0075189237736594805,1.5875393191961604,0
1,138682.0,0.5030428203520656,138682.0,0.5290298461914062,119.06919479370117,127.22095552059588,122405.0,0.00710023267311044,1.9879023406002057,0
6,136350.5,0.7067722411000754,136196.5,0.5201358795166016,116.91650390625,127.05998430046172,120192.0,0.00852893945420874,1.5196531285430057,0
1,139531.5,0.523062437538654,139531.5,0.5322704315185547,121.2374496459961,127.34610501724647,124634.0,0.006984323951655824,1.9118176497353636,0
5,138333.0,0.7312605991805288,138251.0,0.5276985168457031,120.54582595825195,127.31020958036738,123923.0,0.0075256275667925365,1.4243357637431397,0
3,145063.5,0.3083126127649188,140362.0,0.5533733367919922,118.78807067871094,127.2020136927905,122116.0,0.012649146045987436,20.439664546808526,0
5,137368.5,0.6991226875785439,137284.0,0.5240192413330078,119.69175338745117,127.26068239970117,123045.0,0.008397388547564333,1.554189700295447,0
15,134251.5,0.7295290542836795,133899.5,0.5121288299560547,115.84161758422852,126.96586989993656,119087.0,0.009628114471979643,1.4480008440821293,0
3,139194.5,0.6886676395132336,139158.5,0.5309848785400391,122.2646713256836,127.39246968982069,125690.0,0.007229006784200465,1.514324519881593,0
10,132756.0,0.7096314807835009,132477.5,0.5064239501953125,118.66161346435547,127.19328961642016,121986.0,0.010738648520145944,1.5990547990653394,0
12,131035.0,0.7410163116134855,130711.5,0.4998588562011719,116.85230255126953,127.05462029788724,120126.0,0.010974075345529855,1.522271823106432,0
13,129805.0,0.7343078166197619,129478.5,0.4951667785644531,116.86592102050781,127.0557608464013,120140.0,0.011800536380178528,1.5689509468761034,0
12,131177.0,0.7128840193161717,130923.5,0.5004005432128906,118.29294204711914,127.16713444853698,121607.0,0.010763387908809818,1.606659527719562,0
5,137674.5,0.696753528528017,137598.5,0.5251865386962891,121.65962219238281,127.36616500100916,125068.0,0.008499506287080294,1.5668414322817423,0
10,129558.0,0.654277188759943,129127.5,0.49422454833984375,115.77936172485352,126.96013798993431,119023.0,0.01074812911610934,1.7276268022633967,0
3,138467.0,0.6588045086606344,138408.0,0.5282096862792969,123.63527297973633,127.44141353994326,127099.0,0.007745346418687404,1.6255182497925584,0
3,144999.5,0.30833814999593173,140380.0,0.5531291961669922,116.09550476074219,126.9889266366865,119348.0,0.012638356455681787,20.750907021432752,0
7,131155.0,0.6429388416064673,130968.0,0.5003166198730469,119.08281326293945,127.22185727080642,122419.0,0.010354018597354298,1.814790736266243,0
6,138497.0,0.7299492879450921,138409.0,0.5283241271972656,125.01852035522461,127.47584970798411,128521.0,0.007642461882824136,1.4193725692680543,0
10,134272.0,0.7172930232658332,134069.0,0.51220703125,118.41259002685547,127.17574053246159,121730.0,0.009011601315705775,1.4767767361046191,0
3,137826.5,0.6723752830884301,137794.5,0.5257663726806641,124.24713134765625,127.458498522188,127728.0,0.00763575809151007,1.595658729271307,0
8,131363.5,0.6959019007249087,131180.0,0.5011119842529297,121.06624603271484,127.3375702999254,124458.0,0.010376523381637526,1.6906081454457098,0
6,136072.0,0.7224673290218737,135933.5,0.519073486328125,122.52634048461914,127.40295409065305,125959.0,0.008163429528394772,1.4666738744803587,0
7,135613.5,0.7300347169414569,135483.5,0.5173244476318359,122.28704452514648,127.39338717224369,125713.0,0.00858898322621826,1.4716825675465952,0
14,132103.5,0.7319006760964238,131768.5,0.5039348602294922,117.33478546142578,127.09413209658722,120622.0,0.009108548852509557,1.4253556607081967,0
9,135366.5,0.7287942259676643,135160.0,0.5163822174072266,122.41155624389648,127.39842126235693,125841.0,0.008800979669103981,1.4530251989679623,0
10,124792.5,0.6950900023751672,124193.5,0.4760456085205078,115.08384704589844,126.89400752525847,118308.0,0.010307409652796196,1.6105305256570273,0
3,145096.5,0.30857029778498263,140464.0,0.5534992218017578,115.91846466064453,126.97290277529005,119166.0,0.012638356449315324,20.693925572838257,0
11,126360.0,0.7237907504971498,126128.0,0.482025146484375,118.13438415527344,127.15555528504842,121444.0,0.010681091178867064,1.569567531779416,0
11,129743.5,0.7297408957199369,129466.5,0.4949321746826172,123.53605270385742,127.4383659728631,126997.0,0.010584143642972776,1.5394746194872189,0
12,127288.0,0.7163719221566317,126978.5,0.485565185546875,119.68494415283203,127.26026442729736,123038.0,0.010807406101321249,1.5771987367792033,0
11,136816.0,0.7505127212453476,136592.0,0.52191162109375,124.26658630371094,127.45899354642908,127748.0,0.008523862276433647,1.3821742689036105,0
9,135780.5,0.7380621996046774,135583.5,0.5179615020751953,122.3269271850586,127.39501292299991,125754.0,0.008477160302390985,1.4235173506818952,0
15,125058.5,0.7191597022289695,124651.0,0.47706031799316406,117.7316665649414,127.1252518656365,121030.0,0.011981724865563592,1.593448560789248,0
10,137126.5,0.7360472561253231,136914.0,0.5230960845947266,124.91151809692383,127.47372184665134,128411.0,0.010021009015417803,1.4955210033022315,0
11,139027.0,0.7545836804904326,138796.0,0.5303459167480469,126.65468215942383,127.49719776429751,130203.0,0.009306305119480385,1.4071463107946176,0
12,134974.5,0.6856669066499771,134654.0,0.5148868560791016,119.35810089111328,127.23977160817567,122702.0,0.008965441551026743,1.5602773001111394,0
13,131751.0,0.7212316770780067,131399.5,0.5025901794433594,117.94469833374023,127.14144174920608,121249.0,0.010484485097094876,1.5226313468232613,0
